"2016747101001";"74. Sulawesi Tenggara";"71  Kendari";"010  Mandonga";"01";0,97;0,00;0,00;0,00;0,00;0,00;0,00;0,00;25,00;0,00;0,00;0,00;17,00;0,00;42,00;0,00;0,00;0,00;0,00;0,00;0,00;0,00;25,00;0,00;0,00;0,00;17,00;0,00;42,00;0,00;0,00;0,00;0,00;0,00;0,00;0,00;25,00;0,00;0,00;0,00;17,00;0,00;42,00;0,00;0,00;0,00;0,00;0,00;0,00;0,00;0,00;0,00;0,00;0,00;0,00;0,00;0,00;0,00;0,00;0,00;0,00;0,00;0,00;0,00;0,00;0,00;0,00;0,00;0,00;0,00;0,00;0,00;0,00;0,00;0,00;0,00;0,00;0,00;0,00;0,00;0,00;0,00;0,00;0,00;0,00;0,00;0,00;0,00;0,00;0,00;0,00;22,00;0,00;0,00;18,00;28,00;12,00;0,00;0,00;0,00;0,00;0,00;0,00;22,00;0,00;0,00;18,00;28,00;12,00;0,00;0,00;0,00;0,00;0,00;0,00;0,00;0,00;0,00;0,00;0,00;0,00;0,00;0,00;0,00;0,00;0,00;0,00;0,00;1,00;0,00;1,00;0,00;0,00;0,00;0,00;0,00;3,00;0,00;0,00;0,00;3,00;0,00;0,00;0,00;0,00;0,00;0,00;0,00;0,00;0,00;0,00;0,00;0,00;0,00;0,00;0,00;3,00;0,00;0,00;0,00;3,00;0,00;0,00;0,00;0,00;0,00;0,00;0,00;0,00;0,00;0,00;0,00;0,00;0,00;0,00;0,00;1,00;0,00;0,00;0,00;1,00;0,00;0,00;0,00;0,00;0,00;0,00;0,00;0,00;0,00;0,00;0,00;0,00;0,00;0,00;0,00;0,00;0,00;0,00;0,00;0,00;0,00;0,00;0,00;0,00;0,00;0,00;0,00;0,00;1,00;0,00;1,00;0,00;2,00;0,00;0,00;0,00;0,00;0,00;0,00;0,00;0,00;0,00;0,00;0,00;0,00;0,00;0,00;0,00;0,00;0,00;0,00;0,00;0,00;0,00;0,00;"1";"Rahmin";"0";"0";"1";"1";"2016.01.02";;
"2016747101002";"74. Sulawesi Tenggara";"71  Kendari";"010  Mandonga";"02";0,97;0,00;0,00;0,00;0,00;0,00;0,00;0,00;42,00;0,00;3,00;0,00;0,00;0,00;39,00;0,00;0,00;0,00;0,00;0,00;0,00;0,00;42,00;0,00;3,00;0,00;0,00;0,00;39,00;0,00;0,00;0,00;0,00;0,00;0,00;0,00;42,00;0,00;3,00;0,00;0,00;0,00;39,00;0,00;0,00;0,00;0,00;0,00;0,00;0,00;0,00;0,00;0,00;0,00;0,00;0,00;0,00;0,00;0,00;0,00;0,00;0,00;0,00;0,00;0,00;0,00;0,00;0,00;0,00;0,00;0,00;0,00;0,00;0,00;0,00;0,00;0,00;0,00;0,00;0,00;0,00;0,00;0,00;0,00;0,00;0,00;0,00;0,00;0,00;0,00;0,00;12,00;0,00;0,00;0,00;12,00;0,00;0,00;0,00;0,00;0,00;0,00;0,00;12,00;0,00;0,00;0,00;12,00;0,00;0,00;0,00;0,00;0,00;0,00;0,00;0,00;0,00;0,00;0,00;0,00;0,00;0,00;0,00;0,00;0,00;0,00;1,00;0,00;1,00;0,00;2,00;0,00;0,00;0,00;0,00;0,00;3,00;0,00;1,00;0,00;4,00;0,00;0,00;0,00;0,00;0,00;0,00;0,00;0,00;0,00;0,00;0,00;0,00;0,00;0,00;0,00;3,00;0,00;1,00;0,00;4,00;0,00;0,00;0,00;0,00;0,00;0,00;0,00;0,00;0,00;0,00;0,00;0,00;0,00;0,00;0,00;1,00;0,00;0,00;0,00;1,00;0,00;0,00;0,00;0,00;0,00;0,00;0,00;0,00;0,00;0,00;0,00;0,00;0,00;0,00;0,00;0,00;0,00;0,00;0,00;0,00;0,00;0,00;0,00;0,00;0,00;0,00;0,00;0,00;2,00;0,00;0,00;0,00;2,00;0,00;0,00;0,00;0,00;0,00;0,00;0,00;0,00;0,00;0,00;0,00;0,00;0,00;0,00;0,00;0,00;0,00;0,00;0,00;0,00;0,00;0,00;"1";"Rahmin";"0";"0";"1";"1";"2016.01.02";;
"2016747101003";"74. Sulawesi Tenggara";"71  Kendari";"010  Mandonga";"03";0,97;0,00;0,00;0,00;0,00;0,00;0,00;0,00;39,00;0,00;19,00;0,00;0,00;0,00;20,00;0,00;0,00;0,00;0,00;0,00;0,00;0,00;39,00;0,00;19,00;0,00;0,00;0,00;20,00;0,00;0,00;0,00;0,00;0,00;0,00;0,00;39,00;0,00;19,00;0,00;0,00;0,00;20,00;0,00;0,00;0,00;0,00;0,00;0,00;0,00;0,00;0,00;0,00;0,00;0,00;0,00;0,00;0,00;0,00;0,00;0,00;0,00;0,00;0,00;0,00;0,00;0,00;0,00;0,00;0,00;0,00;0,00;0,00;0,00;0,00;0,00;0,00;0,00;0,00;0,00;0,00;0,00;0,00;0,00;0,00;0,00;0,00;0,00;0,00;0,00;0,00;0,00;0,00;0,00;0,00;0,00;0,00;0,00;0,00;0,00;0,00;0,00;0,00;0,00;0,00;0,00;0,00;0,00;0,00;0,00;0,00;0,00;0,00;0,00;0,00;0,00;0,00;0,00;0,00;0,00;0,00;0,00;0,00;0,00;0,00;0,00;2,00;0,00;0,00;0,00;2,00;0,00;0,00;0,00;0,00;0,00;4,00;0,00;0,00;0,00;4,00;0,00;0,00;0,00;0,00;0,00;0,00;0,00;0,00;0,00;0,00;0,00;0,00;0,00;0,00;0,00;4,00;0,00;0,00;0,00;4,00;0,00;0,00;0,00;0,00;0,00;0,00;0,00;0,00;0,00;0,00;0,00;0,00;0,00;0,00;0,00;1,00;1,00;0,00;0,00;1,00;1,00;0,00;0,00;0,00;0,00;0,00;0,00;0,00;0,00;0,00;0,00;0,00;0,00;0,00;0,00;0,00;0,00;0,00;0,00;0,00;0,00;0,00;0,00;0,00;0,00;0,00;0,00;0,00;2,00;0,00;0,00;0,00;2,00;0,00;0,00;0,00;0,00;0,00;0,00;0,00;0,00;0,00;0,00;0,00;0,00;0,00;0,00;0,00;0,00;0,00;0,00;0,00;0,00;0,00;0,00;"1";"Rahmin";"0";"0";"1";"1";"2016.01.02";;
"2016747101004";"74. Sulawesi Tenggara";"71  Kendari";"010  Mandonga";"04";0,97;0,00;0,00;0,00;0,00;0,00;0,00;0,00;20,00;2,00;18,00;0,00;0,00;0,00;0,00;0,00;0,00;0,00;0,00;0,00;0,00;0,00;20,00;2,00;18,00;0,00;0,00;0,00;0,00;0,00;0,00;0,00;0,00;0,00;0,00;0,00;20,00;2,00;18,00;0,00;0,00;0,00;0,00;0,00;0,00;0,00;0,00;0,00;0,00;0,00;0,00;0,00;0,00;0,00;0,00;0,00;0,00;0,00;0,00;0,00;0,00;0,00;0,00;0,00;0,00;0,00;0,00;0,00;0,00;0,00;0,00;0,00;0,00;0,00;0,00;0,00;0,00;0,00;0,00;0,00;0,00;0,00;0,00;0,00;0,00;0,00;0,00;0,00;0,00;0,00;0,00;0,00;0,00;0,00;0,00;0,00;0,00;0,00;0,00;0,00;0,00;0,00;0,00;0,00;0,00;0,00;0,00;0,00;0,00;0,00;0,00;0,00;0,00;0,00;0,00;0,00;0,00;0,00;0,00;0,00;0,00;0,00;0,00;0,00;0,00;0,00;2,00;2,00;0,00;0,00;0,00;0,00;0,00;0,00;0,00;0,00;4,00;0,00;0,00;0,00;4,00;0,00;0,00;0,00;0,00;0,00;0,00;0,00;0,00;0,00;0,00;0,00;0,00;0,00;0,00;0,00;4,00;0,00;0,00;0,00;4,00;0,00;0,00;0,00;0,00;0,00;0,00;0,00;0,00;0,00;0,00;0,00;0,00;0,00;0,00;0,00;1,00;0,00;0,00;1,00;0,00;0,00;0,00;0,00;0,00;0,00;0,00;0,00;0,00;0,00;0,00;0,00;0,00;0,00;0,00;0,00;0,00;0,00;0,00;0,00;0,00;0,00;0,00;0,00;0,00;0,00;0,00;0,00;0,00;2,00;0,00;0,00;0,00;2,00;0,00;0,00;0,00;0,00;0,00;0,00;0,00;0,00;0,00;0,00;0,00;0,00;0,00;0,00;0,00;0,00;0,00;0,00;0,00;0,00;0,00;0,00;"1";"Rahmin";"0";"0";"1";"1";"2016.01.02";;
"2016747101005";"74. Sulawesi Tenggara";"71  Kendari";"010  Mandonga";"05";0,97;0,00;0,00;0,00;0,00;0,00;0,00;0,00;0,00;0,00;0,00;0,00;0,00;0,00;0,00;0,00;0,00;0,00;0,00;0,00;0,00;0,00;0,00;0,00;0,00;0,00;0,00;0,00;0,00;0,00;0,00;0,00;0,00;0,00;0,00;0,00;0,00;0,00;0,00;0,00;0,00;0,00;0,00;0,00;0,00;0,00;0,00;0,00;0,00;0,00;0,00;0,00;0,00;0,00;0,00;0,00;0,00;0,00;0,00;0,00;0,00;0,00;0,00;0,00;0,00;0,00;0,00;0,00;0,00;0,00;0,00;0,00;0,00;0,00;0,00;0,00;0,00;0,00;0,00;0,00;0,00;0,00;0,00;0,00;0,00;0,00;0,00;0,00;0,00;0,00;0,00;0,00;0,00;0,00;0,00;0,00;0,00;0,00;0,00;0,00;0,00;0,00;0,00;0,00;0,00;0,00;0,00;0,00;0,00;0,00;0,00;0,00;0,00;0,00;0,00;0,00;0,00;0,00;0,00;0,00;0,00;0,00;0,00;0,00;0,00;0,00;0,00;0,00;0,00;0,00;0,00;0,00;0,00;0,00;0,00;0,00;4,00;1,00;0,00;0,00;3,00;0,00;0,00;0,00;0,00;0,00;0,00;0,00;0,00;0,00;0,00;0,00;0,00;0,00;0,00;0,00;4,00;1,00;0,00;0,00;3,00;0,00;0,00;0,00;0,00;0,00;0,00;0,00;0,00;0,00;0,00;0,00;0,00;0,00;0,00;0,00;0,00;0,00;0,00;0,00;0,00;0,00;0,00;0,00;0,00;0,00;0,00;0,00;0,00;0,00;0,00;0,00;0,00;0,00;0,00;0,00;0,00;0,00;0,00;0,00;0,00;0,00;0,00;0,00;0,00;0,00;0,00;0,00;0,00;2,00;0,00;0,00;2,00;0,00;0,00;0,00;0,00;0,00;0,00;0,00;0,00;0,00;0,00;0,00;0,00;0,00;0,00;0,00;0,00;0,00;0,00;0,00;0,00;0,00;0,00;0,00;"1";"Rahmin";"0";"0";"1";"1";"2016.02.05";;
"2016747101006";"74. Sulawesi Tenggara";"71  Kendari";"010  Mandonga";"06";0,97;0,00;0,00;0,00;0,00;0,00;0,00;0,00;0,00;0,00;0,00;0,00;6,00;0,00;6,00;0,00;0,00;0,00;0,00;0,00;0,00;0,00;0,00;0,00;0,00;0,00;0,00;0,00;0,00;0,00;0,00;0,00;0,00;0,00;0,00;0,00;0,00;0,00;0,00;0,00;0,00;0,00;0,00;0,00;0,00;0,00;0,00;0,00;0,00;0,00;0,00;0,00;0,00;0,00;0,00;0,00;0,00;0,00;0,00;0,00;0,00;0,00;0,00;0,00;0,00;0,00;0,00;0,00;0,00;0,00;0,00;0,00;0,00;0,00;0,00;0,00;0,00;0,00;0,00;0,00;0,00;0,00;6,00;0,00;6,00;0,00;0,00;0,00;0,00;0,00;0,00;0,00;0,00;0,00;0,00;0,00;0,00;0,00;0,00;0,00;0,00;0,00;0,00;0,00;0,00;0,00;0,00;0,00;0,00;0,00;0,00;0,00;0,00;0,00;0,00;0,00;0,00;0,00;0,00;0,00;0,00;0,00;0,00;0,00;0,00;0,00;0,00;0,00;0,00;0,00;0,00;0,00;0,00;0,00;0,00;0,00;3,00;1,00;1,00;0,00;3,00;0,00;0,00;0,00;0,00;0,00;0,00;0,00;0,00;0,00;0,00;0,00;0,00;0,00;0,00;0,00;3,00;1,00;1,00;0,00;3,00;0,00;0,00;0,00;0,00;0,00;0,00;0,00;0,00;0,00;0,00;0,00;0,00;0,00;0,00;0,00;0,00;0,00;0,00;0,00;0,00;0,00;0,00;0,00;0,00;0,00;0,00;0,00;0,00;0,00;0,00;0,00;0,00;0,00;0,00;0,00;0,00;0,00;0,00;0,00;0,00;0,00;0,00;0,00;0,00;0,00;0,00;0,00;0,00;0,00;0,00;0,00;0,00;0,00;0,00;0,00;0,00;0,00;0,00;0,00;0,00;0,00;0,00;0,00;0,00;0,00;0,00;0,00;0,00;0,00;0,00;0,00;0,00;0,00;0,00;0,00;"1";"Rahmin";"0";"0";"1";"1";"2016.02.05";;
"2016747101007";"74. Sulawesi Tenggara";"71  Kendari";"010  Mandonga";"07";0,97;0,00;0,00;0,00;0,00;0,00;0,00;0,00;6,00;6,00;0,00;0,00;3,00;0,00;3,00;0,00;0,00;0,00;0,00;0,00;0,00;0,00;0,00;0,00;0,00;0,00;0,00;0,00;0,00;0,00;0,00;0,00;0,00;0,00;0,00;0,00;0,00;0,00;0,00;0,00;0,00;0,00;0,00;0,00;0,00;0,00;0,00;0,00;0,00;0,00;0,00;0,00;0,00;0,00;0,00;0,00;0,00;0,00;0,00;0,00;0,00;0,00;0,00;0,00;0,00;0,00;0,00;0,00;0,00;0,00;0,00;0,00;0,00;0,00;0,00;0,00;0,00;0,00;6,00;6,00;0,00;0,00;3,00;0,00;3,00;0,00;0,00;0,00;0,00;0,00;0,00;0,00;0,00;0,00;0,00;0,00;0,00;0,00;0,00;0,00;0,00;0,00;0,00;0,00;0,00;0,00;0,00;0,00;0,00;0,00;0,00;0,00;0,00;0,00;0,00;0,00;0,00;0,00;0,00;0,00;0,00;0,00;0,00;0,00;0,00;0,00;0,00;0,00;1,00;0,00;1,00;0,00;0,00;0,00;0,00;0,00;3,00;0,00;1,00;0,00;4,00;0,00;0,00;0,00;0,00;0,00;0,00;0,00;0,00;0,00;0,00;0,00;0,00;0,00;0,00;0,00;3,00;0,00;1,00;0,00;4,00;0,00;0,00;0,00;0,00;0,00;0,00;0,00;0,00;0,00;0,00;0,00;0,00;0,00;0,00;0,00;0,00;0,00;0,00;0,00;0,00;0,00;0,00;0,00;0,00;0,00;0,00;0,00;0,00;0,00;0,00;0,00;0,00;0,00;0,00;0,00;0,00;0,00;0,00;0,00;0,00;0,00;0,00;0,00;0,00;0,00;0,00;0,00;0,00;0,00;0,00;0,00;0,00;0,00;0,00;0,00;0,00;0,00;0,00;0,00;0,00;0,00;0,00;0,00;0,00;0,00;0,00;0,00;0,00;0,00;0,00;0,00;0,00;0,00;0,00;0,00;"1";"Rahmin";"0";"0";"1";"1";"2016.03.02";;
"2016747101101";"74. Sulawesi Tenggara";"71  Kendari";"011  Baruga";"01";0,97;0,00;0,00;0,00;0,00;19,00;0,00;19,00;1,00;0,00;0,00;0,00;1,00;0,00;2,00;0,00;0,00;0,00;0,00;19,00;0,00;19,00;1,00;0,00;0,00;0,00;1,00;0,00;2,00;0,00;0,00;0,00;0,00;19,00;0,00;19,00;1,00;0,00;0,00;0,00;1,00;0,00;2,00;0,00;0,00;0,00;0,00;0,00;0,00;0,00;0,00;0,00;0,00;0,00;0,00;0,00;0,00;0,00;0,00;0,00;0,00;0,00;0,00;0,00;0,00;0,00;0,00;0,00;0,00;0,00;0,00;0,00;0,00;0,00;0,00;0,00;0,00;0,00;0,00;0,00;0,00;0,00;0,00;0,00;0,00;25,00;0,00;0,00;11,00;0,00;36,00;0,00;0,00;0,00;0,00;0,00;0,00;25,00;0,00;0,00;11,00;0,00;36,00;0,00;0,00;0,00;0,00;0,00;0,00;0,00;0,00;0,00;0,00;0,00;0,00;0,00;0,00;0,00;0,00;0,00;0,00;0,00;0,00;0,00;0,00;0,00;0,00;0,00;0,00;0,00;0,00;0,00;0,00;0,00;0,00;0,00;4,00;1,00;3,00;0,00;6,00;0,00;0,00;0,00;0,00;0,00;0,00;0,00;0,00;0,00;0,00;0,00;0,00;0,00;0,00;0,00;4,00;1,00;3,00;0,00;6,00;0,00;0,00;0,00;0,00;0,00;0,00;0,00;0,00;0,00;0,00;0,00;0,00;0,00;0,00;0,00;0,00;0,00;0,00;0,00;0,00;0,00;0,00;0,00;0,00;0,00;0,00;0,00;0,00;0,00;0,00;0,00;0,00;0,00;0,00;0,00;0,00;0,00;0,00;0,00;0,00;0,00;0,00;0,00;0,00;0,00;0,00;0,00;0,00;0,00;0,00;0,00;0,00;0,00;0,00;0,00;0,00;0,00;0,00;0,00;0,00;0,00;0,00;0,00;0,00;0,00;0,00;0,00;0,00;0,00;0,00;0,00;0,00;0,00;0,00;0,00;"1";"Kadek";"0";"0";"1";"1";"2016.01.02";;
"2016747101102";"74. Sulawesi Tenggara";"71  Kendari";"011  Baruga";"02";0,97;19,00;0,00;0,00;0,00;0,00;0,00;19,00;2,00;0,00;0,00;0,00;5,00;0,00;7,00;19,00;0,00;0,00;0,00;0,00;0,00;19,00;2,00;0,00;0,00;0,00;5,00;0,00;7,00;19,00;0,00;0,00;0,00;0,00;0,00;19,00;2,00;0,00;0,00;0,00;0,00;0,00;2,00;0,00;0,00;0,00;0,00;0,00;0,00;0,00;0,00;0,00;0,00;0,00;5,00;0,00;5,00;0,00;0,00;0,00;0,00;0,00;0,00;0,00;0,00;0,00;0,00;0,00;0,00;0,00;0,00;0,00;0,00;0,00;0,00;0,00;0,00;0,00;0,00;0,00;0,00;0,00;0,00;0,00;0,00;36,00;0,00;0,00;40,00;25,00;51,00;0,00;0,00;0,00;0,00;0,00;0,00;36,00;0,00;0,00;40,00;25,00;51,00;0,00;0,00;0,00;0,00;0,00;0,00;0,00;0,00;0,00;0,00;0,00;0,00;0,00;0,00;0,00;0,00;0,00;0,00;0,00;0,00;0,00;0,00;0,00;0,00;0,00;0,00;0,00;0,00;0,00;0,00;0,00;0,00;0,00;6,00;1,00;4,00;0,00;9,00;0,00;0,00;0,00;0,00;0,00;0,00;0,00;0,00;0,00;0,00;0,00;0,00;0,00;0,00;0,00;6,00;1,00;4,00;0,00;9,00;0,00;0,00;0,00;0,00;0,00;0,00;0,00;0,00;0,00;0,00;0,00;0,00;0,00;0,00;0,00;0,00;0,00;0,00;0,00;0,00;0,00;0,00;0,00;0,00;0,00;0,00;0,00;0,00;0,00;0,00;0,00;0,00;0,00;0,00;0,00;0,00;0,00;0,00;0,00;0,00;0,00;0,00;0,00;0,00;0,00;0,00;0,00;0,00;0,00;0,00;0,00;0,00;0,00;0,00;0,00;0,00;0,00;0,00;0,00;0,00;0,00;0,00;0,00;0,00;0,00;0,00;0,00;0,00;0,00;0,00;0,00;0,00;0,00;0,00;0,00;"1";"Kadek";"0";"0";"1";"1";"2016.01.02";;
"2016747101103";"74. Sulawesi Tenggara";"71  Kendari";"011  Baruga";"03";0,97;19,00;0,00;0,00;0,00;2,00;0,00;21,00;7,00;0,00;0,00;0,00;4,00;0,00;9,00;19,00;0,00;0,00;0,00;2,00;0,00;21,00;7,00;0,00;0,00;0,00;4,00;0,00;9,00;19,00;0,00;0,00;0,00;2,00;0,00;21,00;2,00;0,00;0,00;0,00;0,00;0,00;0,00;0,00;0,00;0,00;0,00;0,00;0,00;0,00;5,00;0,00;0,00;0,00;4,00;0,00;9,00;0,00;0,00;0,00;0,00;0,00;0,00;0,00;0,00;0,00;0,00;0,00;0,00;0,00;0,00;0,00;0,00;0,00;0,00;0,00;0,00;0,00;0,00;0,00;0,00;0,00;0,00;0,00;0,00;51,00;0,00;0,00;20,00;0,00;71,00;0,00;0,00;0,00;0,00;0,00;0,00;51,00;0,00;0,00;0,00;0,00;0,00;0,00;0,00;0,00;0,00;0,00;0,00;0,00;0,00;0,00;20,00;0,00;71,00;0,00;0,00;0,00;0,00;0,00;0,00;0,00;0,00;0,00;0,00;0,00;0,00;0,00;0,00;0,00;0,00;0,00;0,00;0,00;0,00;0,00;9,00;0,00;2,00;0,00;11,00;0,00;0,00;0,00;0,00;0,00;0,00;0,00;0,00;0,00;0,00;0,00;0,00;0,00;0,00;0,00;9,00;0,00;2,00;0,00;11,00;0,00;0,00;0,00;0,00;0,00;0,00;0,00;0,00;0,00;0,00;0,00;0,00;0,00;0,00;0,00;0,00;0,00;0,00;0,00;0,00;0,00;0,00;0,00;0,00;0,00;0,00;0,00;0,00;0,00;0,00;0,00;0,00;0,00;0,00;0,00;0,00;0,00;0,00;0,00;0,00;0,00;0,00;0,00;0,00;0,00;0,00;0,00;0,00;0,00;0,00;0,00;0,00;0,00;0,00;0,00;0,00;0,00;0,00;0,00;0,00;0,00;0,00;0,00;0,00;0,00;0,00;0,00;0,00;0,00;0,00;0,00;0,00;0,00;0,00;0,00;"1";"Kadek";"0";"0";"1";"1";"2016.01.02";;
"2016747101104";"74. Sulawesi Tenggara";"71  Kendari";"011  Baruga";"04";0,97;21,00;19,00;0,00;0,00;0,00;0,00;2,00;9,00;0,00;5,00;0,00;1,00;0,00;5,00;21,00;19,00;0,00;0,00;0,00;0,00;2,00;9,00;0,00;5,00;0,00;1,00;0,00;5,00;21,00;19,00;0,00;0,00;0,00;0,00;2,00;0,00;0,00;5,00;0,00;1,00;0,00;5,00;0,00;0,00;0,00;0,00;0,00;0,00;0,00;9,00;0,00;0,00;0,00;0,00;0,00;0,00;0,00;0,00;0,00;0,00;0,00;0,00;0,00;0,00;0,00;0,00;0,00;0,00;0,00;0,00;0,00;0,00;0,00;0,00;0,00;0,00;0,00;0,00;0,00;0,00;0,00;0,00;0,00;0,00;71,00;0,00;0,00;0,00;0,00;71,00;0,00;0,00;0,00;0,00;0,00;0,00;0,00;0,00;0,00;0,00;0,00;0,00;0,00;0,00;0,00;0,00;0,00;0,00;71,00;0,00;0,00;0,00;0,00;71,00;0,00;0,00;0,00;0,00;0,00;0,00;0,00;0,00;0,00;0,00;0,00;0,00;0,00;0,00;0,00;0,00;0,00;0,00;0,00;0,00;0,00;11,00;2,00;1,00;0,00;10,00;0,00;0,00;0,00;0,00;0,00;0,00;0,00;0,00;0,00;0,00;0,00;0,00;0,00;0,00;0,00;11,00;2,00;1,00;0,00;10,00;0,00;0,00;0,00;0,00;0,00;0,00;0,00;0,00;0,00;0,00;0,00;0,00;0,00;0,00;0,00;0,00;0,00;0,00;0,00;0,00;0,00;0,00;0,00;0,00;0,00;0,00;0,00;0,00;0,00;0,00;0,00;0,00;0,00;0,00;0,00;0,00;0,00;0,00;0,00;0,00;0,00;0,00;0,00;0,00;0,00;0,00;0,00;0,00;0,00;0,00;1,00;0,00;1,00;0,00;0,00;0,00;0,00;0,00;0,00;0,00;0,00;0,00;0,00;0,00;0,00;0,00;0,00;0,00;0,00;0,00;0,00;0,00;0,00;0,00;0,00;"1";"Kadek";"0";"0";"1";"1";"2016.01.02";;
"2016747101105";"74. Sulawesi Tenggara";"71  Kendari";"011  Baruga";"05";0,97;2,00;2,00;0,00;0,00;0,00;0,00;0,00;5,00;0,00;3,00;0,00;0,00;0,00;2,00;2,00;2,00;0,00;0,00;0,00;0,00;0,00;5,00;0,00;3,00;0,00;0,00;0,00;2,00;2,00;2,00;0,00;0,00;0,00;0,00;0,00;5,00;0,00;3,00;0,00;0,00;0,00;2,00;0,00;0,00;0,00;0,00;0,00;0,00;0,00;0,00;0,00;0,00;0,00;0,00;0,00;0,00;0,00;0,00;0,00;0,00;0,00;0,00;0,00;0,00;0,00;0,00;0,00;0,00;0,00;0,00;0,00;0,00;0,00;0,00;0,00;0,00;0,00;0,00;0,00;0,00;0,00;0,00;0,00;0,00;71,00;0,00;0,00;0,00;71,00;0,00;0,00;0,00;0,00;0,00;0,00;0,00;0,00;0,00;0,00;0,00;0,00;0,00;0,00;0,00;0,00;0,00;0,00;0,00;71,00;0,00;0,00;0,00;71,00;0,00;0,00;0,00;0,00;0,00;0,00;0,00;0,00;0,00;0,00;0,00;0,00;0,00;0,00;0,00;0,00;0,00;0,00;0,00;0,00;0,00;0,00;10,00;3,00;2,00;0,00;9,00;0,00;0,00;0,00;0,00;0,00;0,00;0,00;0,00;0,00;0,00;0,00;0,00;0,00;0,00;0,00;10,00;3,00;2,00;0,00;9,00;0,00;0,00;0,00;0,00;0,00;0,00;0,00;0,00;0,00;0,00;0,00;0,00;0,00;0,00;0,00;0,00;0,00;0,00;0,00;0,00;0,00;0,00;0,00;0,00;0,00;0,00;0,00;0,00;0,00;0,00;0,00;0,00;0,00;0,00;0,00;0,00;0,00;0,00;0,00;0,00;0,00;0,00;0,00;0,00;0,00;0,00;0,00;0,00;1,00;0,00;0,00;0,00;1,00;0,00;0,00;0,00;0,00;0,00;0,00;0,00;0,00;0,00;0,00;0,00;0,00;0,00;0,00;0,00;0,00;0,00;0,00;0,00;0,00;0,00;0,00;"1";"Kadek";"0";"0";"1";"1";"2016.02.03";;
"2016747101106";"74. Sulawesi Tenggara";"71  Kendari";"011  Baruga";"06";0,97;0,00;0,00;0,00;0,00;0,00;0,00;0,00;2,00;0,00;0,00;0,00;2,00;0,00;4,00;0,00;0,00;0,00;0,00;0,00;0,00;0,00;2,00;0,00;0,00;0,00;2,00;0,00;4,00;0,00;0,00;0,00;0,00;0,00;0,00;0,00;2,00;0,00;0,00;0,00;2,00;0,00;4,00;0,00;0,00;0,00;0,00;0,00;0,00;0,00;0,00;0,00;0,00;0,00;0,00;0,00;0,00;0,00;0,00;0,00;0,00;0,00;0,00;0,00;0,00;0,00;0,00;0,00;0,00;0,00;0,00;0,00;0,00;0,00;0,00;0,00;0,00;0,00;0,00;0,00;0,00;0,00;0,00;0,00;0,00;0,00;0,00;0,00;0,00;0,00;0,00;0,00;0,00;0,00;0,00;0,00;0,00;0,00;0,00;0,00;0,00;0,00;0,00;0,00;0,00;0,00;0,00;0,00;0,00;0,00;0,00;0,00;0,00;0,00;0,00;0,00;0,00;0,00;0,00;0,00;0,00;0,00;0,00;0,00;0,00;0,00;0,00;0,00;0,00;0,00;0,00;0,00;0,00;0,00;0,00;0,00;9,00;0,00;1,00;0,00;10,00;0,00;0,00;0,00;0,00;0,00;0,00;0,00;0,00;0,00;0,00;0,00;0,00;0,00;0,00;0,00;9,00;0,00;1,00;0,00;10,00;0,00;0,00;0,00;0,00;0,00;0,00;0,00;0,00;0,00;0,00;0,00;0,00;0,00;0,00;0,00;0,00;0,00;0,00;0,00;0,00;0,00;0,00;0,00;0,00;0,00;0,00;0,00;0,00;0,00;0,00;0,00;0,00;0,00;0,00;0,00;0,00;0,00;0,00;0,00;0,00;0,00;0,00;0,00;0,00;0,00;0,00;0,00;0,00;1,00;0,00;0,00;0,00;1,00;0,00;0,00;0,00;0,00;0,00;0,00;0,00;0,00;0,00;0,00;0,00;0,00;0,00;0,00;0,00;0,00;0,00;0,00;0,00;0,00;0,00;0,00;"1";"Kadek";"0";"0";"1";"1";"2016.02.05";;
"2016747101107";"74. Sulawesi Tenggara";"71  Kendari";"011  Baruga";"07";0,97;0,00;0,00;0,00;0,00;0,00;0,00;0,00;4,00;0,00;2,00;0,00;0,00;0,00;2,00;0,00;0,00;0,00;0,00;0,00;0,00;0,00;4,00;0,00;2,00;0,00;0,00;0,00;2,00;0,00;0,00;0,00;0,00;0,00;0,00;0,00;4,00;0,00;2,00;0,00;0,00;0,00;2,00;0,00;0,00;0,00;0,00;0,00;0,00;0,00;0,00;0,00;0,00;0,00;0,00;0,00;0,00;0,00;0,00;0,00;0,00;0,00;0,00;0,00;0,00;0,00;0,00;0,00;0,00;0,00;0,00;0,00;0,00;0,00;0,00;0,00;0,00;0,00;0,00;0,00;0,00;0,00;0,00;0,00;0,00;0,00;0,00;0,00;0,00;0,00;0,00;0,00;0,00;0,00;0,00;0,00;0,00;0,00;0,00;0,00;0,00;0,00;0,00;0,00;0,00;0,00;0,00;0,00;0,00;0,00;0,00;0,00;0,00;0,00;0,00;0,00;0,00;0,00;0,00;0,00;0,00;0,00;0,00;0,00;0,00;0,00;0,00;0,00;0,00;0,00;0,00;0,00;0,00;0,00;0,00;0,00;10,00;2,00;1,00;0,00;9,00;0,00;0,00;0,00;0,00;0,00;0,00;0,00;0,00;0,00;0,00;0,00;0,00;0,00;0,00;0,00;10,00;2,00;1,00;0,00;9,00;0,00;0,00;0,00;0,00;0,00;0,00;0,00;0,00;0,00;0,00;0,00;0,00;0,00;0,00;0,00;0,00;0,00;0,00;0,00;0,00;0,00;0,00;0,00;0,00;0,00;0,00;0,00;0,00;0,00;0,00;0,00;0,00;0,00;0,00;0,00;0,00;0,00;0,00;0,00;0,00;0,00;0,00;0,00;0,00;0,00;0,00;0,00;0,00;1,00;0,00;0,00;0,00;1,00;0,00;0,00;0,00;0,00;0,00;0,00;0,00;0,00;0,00;0,00;0,00;0,00;0,00;0,00;0,00;0,00;0,00;0,00;0,00;0,00;0,00;0,00;"1";"Kadek";"0";"0";"1";"1";"2016.03.02";;
"2016747101201";"74. Sulawesi Tenggara";"71  Kendari";"012  Puuwatu";"01";0,97;0,00;0,00;0,00;0,00;0,00;0,00;0,00;14,00;0,00;0,00;0,00;35,00;0,00;49,00;0,00;0,00;0,00;0,00;0,00;0,00;0,00;14,00;0,00;0,00;0,00;35,00;0,00;49,00;0,00;0,00;0,00;0,00;0,00;0,00;0,00;13,00;0,00;0,00;0,00;23,00;0,00;36,00;0,00;0,00;0,00;0,00;0,00;0,00;0,00;1,00;0,00;0,00;0,00;12,00;0,00;13,00;0,00;0,00;0,00;0,00;0,00;0,00;0,00;0,00;0,00;0,00;0,00;0,00;0,00;0,00;0,00;0,00;0,00;0,00;0,00;0,00;0,00;0,00;0,00;0,00;0,00;0,00;0,00;0,00;0,00;0,00;0,00;0,00;0,00;0,00;0,00;0,00;0,00;5,00;0,00;5,00;0,00;0,00;0,00;0,00;0,00;0,00;0,00;0,00;0,00;5,00;0,00;5,00;0,00;0,00;0,00;0,00;0,00;0,00;0,00;0,00;0,00;0,00;0,00;0,00;0,00;0,00;0,00;0,00;0,00;0,00;0,00;0,00;0,00;0,00;0,00;0,00;0,00;0,00;0,00;19,00;2,00;10,00;0,00;27,00;0,00;0,00;0,00;0,00;0,00;0,00;0,00;0,00;0,00;0,00;0,00;0,00;0,00;0,00;0,00;19,00;2,00;10,00;0,00;27,00;0,00;0,00;0,00;0,00;0,00;0,00;0,00;1,00;0,00;1,00;0,00;0,00;0,00;0,00;0,00;0,00;0,00;0,00;0,00;0,00;0,00;0,00;0,00;0,00;0,00;0,00;0,00;0,00;0,00;0,00;0,00;0,00;0,00;0,00;0,00;0,00;0,00;0,00;0,00;0,00;0,00;0,00;0,00;0,00;0,00;0,00;0,00;0,00;1,00;0,00;1,00;0,00;2,00;0,00;0,00;0,00;0,00;0,00;0,00;0,00;0,00;0,00;0,00;0,00;0,00;0,00;0,00;0,00;0,00;0,00;0,00;0,00;0,00;0,00;0,00;"1";"Suhrawati";"0";"0";"1";"1";"2016.01.02";;
"2016747101202";"74. Sulawesi Tenggara";"71  Kendari";"012  Puuwatu";"02";0,97;0,00;0,00;0,00;0,00;0,00;0,00;0,00;49,00;0,00;1,00;0,00;2,00;0,00;50,00;0,00;0,00;0,00;0,00;0,00;0,00;0,00;49,00;0,00;1,00;0,00;2,00;0,00;50,00;0,00;0,00;0,00;0,00;0,00;0,00;0,00;36,00;0,00;0,00;0,00;0,00;0,00;36,00;0,00;0,00;0,00;0,00;0,00;0,00;0,00;13,00;0,00;1,00;0,00;2,00;0,00;14,00;0,00;0,00;0,00;0,00;0,00;0,00;0,00;0,00;0,00;0,00;0,00;0,00;0,00;0,00;0,00;0,00;0,00;0,00;0,00;0,00;0,00;0,00;0,00;0,00;0,00;0,00;0,00;0,00;0,00;0,00;0,00;0,00;0,00;0,00;5,00;0,00;0,00;0,00;0,00;5,00;0,00;0,00;0,00;0,00;0,00;0,00;5,00;0,00;0,00;0,00;0,00;5,00;0,00;0,00;0,00;0,00;0,00;0,00;0,00;0,00;0,00;0,00;0,00;0,00;0,00;0,00;0,00;0,00;0,00;0,00;0,00;2,00;0,00;2,00;0,00;0,00;0,00;0,00;0,00;27,00;4,00;0,00;0,00;23,00;0,00;0,00;0,00;0,00;0,00;0,00;0,00;0,00;0,00;0,00;0,00;0,00;0,00;0,00;0,00;27,00;4,00;0,00;0,00;23,00;0,00;0,00;0,00;0,00;0,00;1,00;0,00;2,00;0,00;3,00;0,00;0,00;0,00;0,00;0,00;0,00;0,00;0,00;0,00;0,00;0,00;0,00;0,00;0,00;0,00;0,00;0,00;0,00;0,00;0,00;0,00;0,00;0,00;0,00;0,00;0,00;0,00;0,00;0,00;0,00;0,00;0,00;0,00;0,00;0,00;0,00;0,00;0,00;2,00;0,00;1,00;0,00;3,00;0,00;0,00;0,00;0,00;0,00;0,00;0,00;0,00;0,00;0,00;0,00;0,00;0,00;0,00;0,00;0,00;0,00;0,00;0,00;0,00;0,00;0,00;"1";"Suhrawati";"0";"0";"1";"1";"2016.01.02";;
"2016747101203";"74. Sulawesi Tenggara";"71  Kendari";"012  Puuwatu";"03";0,97;0,00;0,00;0,00;0,00;0,00;0,00;0,00;50,00;3,00;5,00;0,00;2,00;0,00;44,00;0,00;0,00;0,00;0,00;0,00;0,00;0,00;50,00;3,00;5,00;0,00;2,00;0,00;44,00;0,00;0,00;0,00;0,00;0,00;0,00;0,00;36,00;3,00;0,00;0,00;0,00;0,00;33,00;0,00;0,00;0,00;0,00;0,00;0,00;0,00;14,00;0,00;5,00;0,00;2,00;0,00;11,00;0,00;0,00;0,00;0,00;0,00;0,00;0,00;0,00;0,00;0,00;0,00;0,00;0,00;0,00;0,00;0,00;0,00;0,00;0,00;0,00;0,00;0,00;0,00;0,00;0,00;0,00;0,00;0,00;0,00;0,00;0,00;0,00;0,00;0,00;5,00;0,00;0,00;0,00;0,00;5,00;0,00;0,00;0,00;0,00;0,00;0,00;5,00;0,00;0,00;0,00;0,00;5,00;0,00;0,00;0,00;0,00;0,00;0,00;0,00;0,00;0,00;0,00;0,00;0,00;0,00;0,00;0,00;0,00;0,00;2,00;0,00;0,00;0,00;2,00;0,00;0,00;0,00;0,00;0,00;23,00;5,00;0,00;0,00;18,00;0,00;0,00;0,00;0,00;0,00;0,00;0,00;0,00;0,00;0,00;0,00;0,00;0,00;0,00;0,00;23,00;5,00;0,00;0,00;18,00;0,00;0,00;0,00;0,00;0,00;3,00;0,00;0,00;0,00;3,00;0,00;0,00;0,00;0,00;0,00;0,00;0,00;0,00;0,00;0,00;0,00;0,00;0,00;0,00;0,00;0,00;0,00;0,00;0,00;0,00;0,00;0,00;0,00;0,00;0,00;0,00;0,00;0,00;0,00;0,00;0,00;0,00;0,00;0,00;0,00;0,00;0,00;0,00;3,00;0,00;0,00;0,00;3,00;0,00;0,00;0,00;0,00;0,00;0,00;0,00;0,00;0,00;0,00;0,00;0,00;0,00;0,00;0,00;0,00;0,00;0,00;0,00;0,00;0,00;0,00;"1";"Suhrawati";"0";"0";"1";"1";"2016.01.02";;
"2016747101204";"74. Sulawesi Tenggara";"71  Kendari";"012  Puuwatu";"04";0,97;0,00;0,00;0,00;0,00;0,00;0,00;0,00;44,00;32,00;4,00;0,00;7,00;0,00;15,00;0,00;0,00;0,00;0,00;0,00;0,00;0,00;44,00;32,00;4,00;0,00;7,00;0,00;15,00;0,00;0,00;0,00;0,00;0,00;0,00;0,00;33,00;32,00;0,00;0,00;0,00;0,00;1,00;0,00;0,00;0,00;0,00;0,00;0,00;0,00;11,00;0,00;4,00;0,00;7,00;0,00;14,00;0,00;0,00;0,00;0,00;0,00;0,00;0,00;0,00;0,00;0,00;0,00;0,00;0,00;0,00;0,00;0,00;0,00;0,00;0,00;0,00;0,00;0,00;0,00;0,00;0,00;0,00;0,00;0,00;0,00;0,00;0,00;0,00;0,00;0,00;5,00;3,00;0,00;0,00;2,00;0,00;0,00;0,00;0,00;0,00;0,00;0,00;5,00;3,00;0,00;0,00;2,00;0,00;0,00;0,00;0,00;0,00;0,00;0,00;0,00;0,00;0,00;0,00;0,00;0,00;0,00;0,00;0,00;0,00;0,00;2,00;0,00;0,00;0,00;2,00;0,00;0,00;0,00;0,00;0,00;18,00;2,00;0,00;0,00;16,00;0,00;0,00;0,00;0,00;0,00;0,00;0,00;0,00;0,00;0,00;0,00;0,00;0,00;0,00;0,00;18,00;2,00;0,00;0,00;16,00;0,00;0,00;0,00;0,00;0,00;3,00;0,00;0,00;0,00;3,00;0,00;0,00;0,00;0,00;0,00;0,00;0,00;0,00;0,00;0,00;0,00;0,00;0,00;0,00;0,00;0,00;0,00;0,00;0,00;0,00;0,00;0,00;0,00;0,00;0,00;0,00;0,00;0,00;0,00;0,00;0,00;0,00;0,00;0,00;0,00;0,00;0,00;0,00;3,00;0,00;0,00;0,00;3,00;0,00;0,00;0,00;0,00;0,00;0,00;0,00;0,00;0,00;0,00;0,00;0,00;0,00;0,00;0,00;0,00;0,00;0,00;0,00;0,00;0,00;0,00;"1";"Suhrawati";"0";"0";"1";"1";"2016.01.02";;
"2016747101205";"74. Sulawesi Tenggara";"71  Kendari";"012  Puuwatu";"05";0,97;0,00;0,00;0,00;0,00;0,00;0,00;0,00;15,00;2,00;4,00;0,00;34,00;0,00;43,00;0,00;0,00;0,00;0,00;0,00;0,00;0,00;15,00;2,00;4,00;0,00;34,00;0,00;43,00;0,00;0,00;0,00;0,00;0,00;0,00;0,00;1,00;1,00;0,00;0,00;0,00;0,00;0,00;0,00;0,00;0,00;0,00;0,00;0,00;0,00;14,00;1,00;4,00;0,00;34,00;0,00;43,00;0,00;0,00;0,00;0,00;0,00;0,00;0,00;0,00;0,00;0,00;0,00;0,00;0,00;0,00;0,00;0,00;0,00;0,00;0,00;0,00;0,00;0,00;0,00;0,00;0,00;0,00;0,00;0,00;0,00;0,00;0,00;0,00;0,00;0,00;0,00;0,00;0,00;0,00;0,00;0,00;0,00;0,00;0,00;0,00;0,00;0,00;0,00;0,00;0,00;0,00;0,00;0,00;0,00;0,00;0,00;0,00;0,00;0,00;0,00;0,00;0,00;0,00;0,00;0,00;0,00;0,00;0,00;0,00;0,00;2,00;0,00;0,00;0,00;2,00;0,00;0,00;0,00;0,00;0,00;16,00;2,00;0,00;0,00;14,00;0,00;0,00;0,00;0,00;0,00;0,00;0,00;0,00;0,00;0,00;0,00;0,00;0,00;0,00;0,00;16,00;2,00;0,00;0,00;14,00;0,00;0,00;0,00;0,00;0,00;3,00;0,00;0,00;0,00;3,00;0,00;0,00;0,00;0,00;0,00;0,00;0,00;0,00;0,00;0,00;0,00;0,00;0,00;0,00;0,00;0,00;0,00;0,00;0,00;0,00;0,00;0,00;0,00;0,00;0,00;0,00;0,00;0,00;0,00;0,00;0,00;0,00;0,00;0,00;0,00;0,00;0,00;0,00;3,00;0,00;0,00;0,00;3,00;0,00;0,00;0,00;0,00;0,00;0,00;0,00;0,00;0,00;0,00;0,00;0,00;0,00;0,00;0,00;0,00;0,00;0,00;0,00;0,00;0,00;0,00;"1";"Suhrawati";"0";"0";"1";"1";"2016.02.05";;
"2016747101206";"74. Sulawesi Tenggara";"71  Kendari";"012  Puuwatu";"06";0,97;0,00;0,00;0,00;0,00;0,00;0,00;0,00;43,00;0,00;0,00;0,00;10,00;0,00;53,00;0,00;0,00;0,00;0,00;0,00;0,00;0,00;43,00;0,00;0,00;0,00;10,00;0,00;53,00;0,00;0,00;0,00;0,00;0,00;0,00;0,00;0,00;0,00;0,00;0,00;0,00;0,00;0,00;0,00;0,00;0,00;0,00;0,00;0,00;0,00;43,00;0,00;0,00;0,00;10,00;0,00;53,00;0,00;0,00;0,00;0,00;0,00;0,00;0,00;0,00;0,00;0,00;0,00;0,00;0,00;0,00;0,00;0,00;0,00;0,00;0,00;0,00;0,00;0,00;0,00;0,00;0,00;0,00;0,00;0,00;0,00;0,00;0,00;0,00;0,00;0,00;0,00;0,00;0,00;0,00;0,00;0,00;0,00;0,00;0,00;0,00;0,00;0,00;0,00;0,00;0,00;0,00;0,00;0,00;0,00;0,00;0,00;0,00;0,00;0,00;0,00;0,00;0,00;0,00;0,00;0,00;0,00;0,00;0,00;0,00;0,00;2,00;0,00;0,00;0,00;2,00;0,00;0,00;0,00;0,00;0,00;14,00;4,00;8,00;0,00;18,00;0,00;0,00;0,00;0,00;0,00;0,00;0,00;0,00;0,00;0,00;0,00;0,00;0,00;0,00;0,00;14,00;4,00;8,00;0,00;18,00;0,00;0,00;0,00;0,00;0,00;3,00;0,00;0,00;0,00;3,00;0,00;0,00;0,00;0,00;0,00;0,00;0,00;0,00;0,00;0,00;0,00;0,00;0,00;0,00;0,00;0,00;0,00;0,00;0,00;0,00;0,00;0,00;0,00;0,00;0,00;0,00;0,00;0,00;0,00;0,00;0,00;0,00;0,00;0,00;0,00;0,00;0,00;0,00;3,00;0,00;0,00;0,00;3,00;0,00;0,00;0,00;0,00;0,00;0,00;0,00;0,00;0,00;0,00;0,00;0,00;0,00;0,00;0,00;0,00;0,00;0,00;0,00;0,00;0,00;0,00;"1";"Suhrawati";"0";"0";"1";"1";"2016.02.05";;
"2016747101207";"74. Sulawesi Tenggara";"71  Kendari";"012  Puuwatu";"07";0,97;0,00;0,00;0,00;0,00;0,00;0,00;0,00;53,00;2,00;5,00;0,00;1,00;0,00;47,00;0,00;0,00;0,00;0,00;0,00;0,00;0,00;53,00;2,00;5,00;0,00;1,00;0,00;47,00;0,00;0,00;0,00;0,00;0,00;0,00;0,00;0,00;0,00;0,00;0,00;0,00;0,00;0,00;0,00;0,00;0,00;0,00;0,00;0,00;0,00;53,00;2,00;5,00;0,00;1,00;0,00;47,00;0,00;0,00;0,00;0,00;0,00;0,00;0,00;0,00;0,00;0,00;0,00;0,00;0,00;0,00;0,00;0,00;0,00;0,00;0,00;0,00;0,00;0,00;0,00;0,00;0,00;0,00;0,00;0,00;0,00;0,00;0,00;0,00;0,00;0,00;0,00;0,00;0,00;0,00;0,00;0,00;0,00;0,00;0,00;0,00;0,00;0,00;0,00;0,00;0,00;0,00;0,00;0,00;0,00;0,00;0,00;0,00;0,00;0,00;0,00;0,00;0,00;0,00;0,00;0,00;0,00;0,00;0,00;0,00;0,00;2,00;2,00;1,00;0,00;1,00;0,00;0,00;0,00;0,00;0,00;18,00;2,00;5,00;0,00;21,00;0,00;0,00;0,00;0,00;0,00;0,00;0,00;0,00;0,00;0,00;0,00;0,00;0,00;0,00;0,00;18,00;2,00;5,00;0,00;21,00;0,00;0,00;0,00;0,00;0,00;3,00;1,00;0,00;0,00;2,00;0,00;0,00;0,00;0,00;0,00;0,00;0,00;0,00;0,00;0,00;0,00;0,00;0,00;0,00;0,00;0,00;0,00;0,00;0,00;0,00;0,00;0,00;0,00;0,00;0,00;0,00;0,00;0,00;0,00;0,00;0,00;0,00;0,00;0,00;0,00;0,00;0,00;0,00;3,00;0,00;0,00;0,00;3,00;0,00;0,00;0,00;0,00;0,00;0,00;0,00;0,00;0,00;0,00;0,00;0,00;0,00;0,00;0,00;0,00;0,00;0,00;0,00;0,00;0,00;0,00;"1";"Suhrawati";"0";"0";"1";"1";"2016.03.02";;
"2016747101301";"74. Sulawesi Tenggara";"71  Kendari";"013  Kadia";"01";0,97;0,00;0,00;0,00;0,00;0,00;0,00;0,00;2,00;0,00;0,00;0,00;1,00;0,00;3,00;0,00;0,00;0,00;0,00;0,00;0,00;0,00;0,00;0,00;0,00;0,00;0,00;0,00;0,00;0,00;0,00;0,00;0,00;0,00;0,00;0,00;0,00;0,00;0,00;0,00;0,00;0,00;0,00;0,00;0,00;0,00;0,00;0,00;0,00;0,00;0,00;0,00;0,00;0,00;0,00;0,00;0,00;0,00;0,00;0,00;0,00;0,00;0,00;0,00;0,00;0,00;0,00;0,00;0,00;0,00;0,00;0,00;0,00;0,00;0,00;0,00;0,00;0,00;2,00;0,00;0,00;0,00;1,00;0,00;3,00;0,00;0,00;0,00;0,00;0,00;0,00;0,00;0,00;0,00;0,00;0,00;0,00;0,00;0,00;0,00;0,00;0,00;0,00;0,00;0,00;0,00;0,00;0,00;0,00;0,00;0,00;0,00;0,00;0,00;0,00;0,00;0,00;0,00;0,00;0,00;0,00;0,00;0,00;0,00;0,00;0,00;0,00;0,00;0,00;0,00;0,00;0,00;0,00;0,00;0,00;0,00;1,00;0,00;1,00;0,00;2,00;0,00;0,00;0,00;0,00;0,00;0,00;0,00;0,00;0,00;0,00;0,00;0,00;0,00;0,00;0,00;1,00;0,00;1,00;0,00;2,00;0,00;0,00;0,00;0,00;0,00;0,00;0,00;0,00;0,00;0,00;0,00;0,00;0,00;0,00;0,00;0,00;0,00;0,00;0,00;0,00;0,00;0,00;0,00;0,00;0,00;0,00;0,00;0,00;0,00;0,00;0,00;0,00;0,00;0,00;0,00;0,00;0,00;0,00;0,00;0,00;0,00;0,00;0,00;0,00;0,00;0,00;0,00;0,00;1,00;0,00;1,00;0,00;2,00;0,00;0,00;0,00;0,00;0,00;0,00;0,00;0,00;0,00;0,00;0,00;0,00;0,00;0,00;0,00;0,00;0,00;0,00;0,00;0,00;0,00;0,00;"1";"Muh Isa";"0";"0";"1";"1";"2016.01.02";;
"2016747101302";"74. Sulawesi Tenggara";"71  Kendari";"013  Kadia";"02";0,97;0,00;0,00;0,00;0,00;0,00;0,00;0,00;3,00;0,00;0,00;0,00;0,00;0,00;3,00;0,00;0,00;0,00;0,00;0,00;0,00;0,00;0,00;0,00;0,00;0,00;0,00;0,00;0,00;0,00;0,00;0,00;0,00;0,00;0,00;0,00;0,00;0,00;0,00;0,00;0,00;0,00;0,00;0,00;0,00;0,00;0,00;0,00;0,00;0,00;0,00;0,00;0,00;0,00;0,00;0,00;0,00;0,00;0,00;0,00;0,00;0,00;0,00;0,00;0,00;0,00;0,00;0,00;0,00;0,00;0,00;0,00;0,00;0,00;0,00;0,00;0,00;0,00;3,00;0,00;0,00;0,00;0,00;0,00;3,00;0,00;0,00;0,00;0,00;0,00;0,00;0,00;0,00;0,00;0,00;0,00;0,00;0,00;0,00;0,00;0,00;0,00;0,00;0,00;0,00;0,00;0,00;0,00;0,00;0,00;0,00;0,00;0,00;0,00;0,00;0,00;0,00;0,00;0,00;0,00;0,00;0,00;0,00;0,00;0,00;0,00;0,00;0,00;1,00;0,00;1,00;0,00;0,00;0,00;0,00;0,00;2,00;0,00;1,00;0,00;3,00;0,00;0,00;0,00;0,00;0,00;0,00;0,00;0,00;0,00;0,00;0,00;0,00;0,00;0,00;0,00;2,00;0,00;1,00;0,00;3,00;0,00;0,00;0,00;0,00;0,00;0,00;0,00;0,00;0,00;0,00;0,00;0,00;0,00;0,00;0,00;0,00;0,00;0,00;0,00;0,00;0,00;0,00;0,00;0,00;0,00;0,00;0,00;0,00;0,00;0,00;0,00;0,00;0,00;0,00;0,00;0,00;0,00;0,00;0,00;0,00;0,00;0,00;0,00;0,00;0,00;0,00;0,00;0,00;2,00;0,00;0,00;0,00;2,00;0,00;0,00;0,00;0,00;0,00;0,00;0,00;0,00;0,00;0,00;0,00;0,00;0,00;0,00;0,00;0,00;0,00;0,00;0,00;0,00;0,00;0,00;"1";"Muh Isa";"0";"0";"1";"1";"2016.01.02";;
"2016747101303";"74. Sulawesi Tenggara";"71  Kendari";"013  Kadia";"03";0,97;0,00;0,00;0,00;0,00;0,00;0,00;0,00;3,00;2,00;0,00;0,00;0,00;0,00;1,00;0,00;0,00;0,00;0,00;0,00;0,00;0,00;0,00;0,00;0,00;0,00;0,00;0,00;0,00;0,00;0,00;0,00;0,00;0,00;0,00;0,00;0,00;0,00;0,00;0,00;0,00;0,00;0,00;0,00;0,00;0,00;0,00;0,00;0,00;0,00;0,00;0,00;0,00;0,00;0,00;0,00;0,00;0,00;0,00;0,00;0,00;0,00;0,00;0,00;0,00;0,00;0,00;0,00;0,00;0,00;0,00;0,00;0,00;0,00;0,00;0,00;0,00;0,00;3,00;2,00;0,00;0,00;0,00;0,00;1,00;0,00;0,00;0,00;0,00;0,00;0,00;0,00;0,00;0,00;0,00;0,00;0,00;0,00;0,00;0,00;0,00;0,00;0,00;0,00;0,00;0,00;0,00;0,00;0,00;0,00;0,00;0,00;0,00;0,00;0,00;0,00;0,00;0,00;0,00;0,00;0,00;0,00;0,00;0,00;0,00;0,00;1,00;0,00;0,00;0,00;1,00;0,00;0,00;0,00;0,00;0,00;3,00;0,00;0,00;0,00;3,00;0,00;0,00;0,00;0,00;0,00;0,00;0,00;0,00;0,00;0,00;0,00;0,00;0,00;0,00;0,00;3,00;0,00;0,00;0,00;3,00;0,00;0,00;0,00;0,00;0,00;0,00;0,00;1,00;0,00;1,00;0,00;0,00;0,00;0,00;0,00;0,00;0,00;0,00;0,00;0,00;0,00;0,00;0,00;0,00;0,00;0,00;0,00;0,00;0,00;0,00;0,00;0,00;0,00;0,00;0,00;0,00;0,00;0,00;0,00;0,00;0,00;0,00;0,00;0,00;0,00;0,00;0,00;0,00;2,00;0,00;0,00;0,00;2,00;0,00;0,00;0,00;0,00;0,00;0,00;0,00;0,00;0,00;0,00;0,00;0,00;0,00;0,00;0,00;0,00;0,00;0,00;0,00;0,00;0,00;0,00;"1";"Muh Isa";"0";"0";"1";"1";"2016.01.02";;
"2016747101304";"74. Sulawesi Tenggara";"71  Kendari";"013  Kadia";"04";0,97;0,00;0,00;0,00;0,00;0,00;0,00;0,00;1,00;1,00;0,00;0,00;1,00;0,00;1,00;0,00;0,00;0,00;0,00;0,00;0,00;0,00;0,00;0,00;0,00;0,00;0,00;0,00;0,00;0,00;0,00;0,00;0,00;0,00;0,00;0,00;0,00;0,00;0,00;0,00;0,00;0,00;0,00;0,00;0,00;0,00;0,00;0,00;0,00;0,00;0,00;0,00;0,00;0,00;0,00;0,00;0,00;0,00;0,00;0,00;0,00;0,00;0,00;0,00;0,00;0,00;0,00;0,00;0,00;0,00;0,00;0,00;0,00;0,00;0,00;0,00;0,00;0,00;1,00;1,00;0,00;0,00;1,00;0,00;1,00;0,00;0,00;0,00;0,00;0,00;0,00;0,00;0,00;0,00;0,00;0,00;0,00;0,00;0,00;0,00;0,00;0,00;0,00;0,00;0,00;0,00;0,00;0,00;0,00;0,00;0,00;0,00;0,00;0,00;0,00;0,00;0,00;0,00;0,00;0,00;0,00;0,00;0,00;0,00;0,00;0,00;1,00;1,00;1,00;0,00;1,00;0,00;0,00;0,00;0,00;0,00;3,00;0,00;1,00;0,00;4,00;0,00;0,00;0,00;0,00;0,00;0,00;0,00;0,00;0,00;0,00;0,00;0,00;0,00;0,00;0,00;3,00;0,00;1,00;0,00;4,00;0,00;0,00;0,00;0,00;0,00;1,00;0,00;0,00;0,00;1,00;0,00;0,00;0,00;0,00;0,00;0,00;0,00;0,00;0,00;0,00;0,00;0,00;0,00;0,00;0,00;0,00;0,00;0,00;0,00;0,00;0,00;0,00;0,00;0,00;0,00;0,00;0,00;0,00;0,00;0,00;0,00;0,00;0,00;0,00;0,00;0,00;0,00;0,00;2,00;1,00;1,00;0,00;2,00;1,00;0,00;0,00;0,00;0,00;0,00;0,00;0,00;0,00;0,00;0,00;0,00;0,00;0,00;0,00;0,00;0,00;0,00;0,00;0,00;0,00;0,00;"1";"Muh Isa";"0";"0";"1";"1";"2016.01.02";;
"2016747101305";"74. Sulawesi Tenggara";"71  Kendari";"013  Kadia";"05";0,97;0,00;0,00;0,00;0,00;0,00;0,00;0,00;1,00;0,00;0,00;0,00;1,00;0,00;2,00;0,00;0,00;0,00;0,00;0,00;0,00;0,00;0,00;0,00;0,00;0,00;0,00;0,00;0,00;0,00;0,00;0,00;0,00;0,00;0,00;0,00;0,00;0,00;0,00;0,00;0,00;0,00;0,00;0,00;0,00;0,00;0,00;0,00;0,00;0,00;0,00;0,00;0,00;0,00;0,00;0,00;0,00;0,00;0,00;0,00;0,00;0,00;0,00;0,00;0,00;0,00;0,00;0,00;0,00;0,00;0,00;0,00;0,00;0,00;0,00;0,00;0,00;0,00;1,00;0,00;0,00;0,00;1,00;0,00;2,00;0,00;0,00;0,00;0,00;0,00;0,00;0,00;0,00;0,00;0,00;0,00;0,00;0,00;0,00;0,00;0,00;0,00;0,00;0,00;0,00;0,00;0,00;0,00;0,00;0,00;0,00;0,00;0,00;0,00;0,00;0,00;0,00;0,00;0,00;0,00;0,00;0,00;0,00;0,00;0,00;0,00;1,00;0,00;0,00;0,00;1,00;0,00;0,00;0,00;0,00;0,00;4,00;0,00;0,00;0,00;4,00;0,00;0,00;0,00;0,00;0,00;0,00;0,00;0,00;0,00;0,00;0,00;0,00;0,00;0,00;0,00;4,00;0,00;0,00;0,00;4,00;0,00;0,00;0,00;0,00;0,00;1,00;0,00;1,00;0,00;2,00;0,00;0,00;0,00;0,00;0,00;0,00;0,00;0,00;0,00;0,00;0,00;0,00;0,00;0,00;0,00;0,00;0,00;0,00;0,00;0,00;0,00;0,00;0,00;0,00;0,00;0,00;0,00;0,00;0,00;0,00;0,00;0,00;0,00;0,00;0,00;0,00;0,00;0,00;2,00;0,00;0,00;0,00;2,00;0,00;0,00;0,00;0,00;0,00;0,00;0,00;0,00;0,00;0,00;0,00;0,00;0,00;0,00;0,00;0,00;0,00;0,00;0,00;0,00;0,00;0,00;"1";"Muh Isa";"0";"0";"1";"1";"2016.02.05";;
"2016747101306";"74. Sulawesi Tenggara";"71  Kendari";"013  Kadia";"06";0,97;0,00;0,00;0,00;0,00;0,00;0,00;0,00;2,00;0,00;1,00;0,00;0,00;0,00;1,00;0,00;0,00;0,00;0,00;0,00;0,00;0,00;0,00;0,00;0,00;0,00;0,00;0,00;0,00;0,00;0,00;0,00;0,00;0,00;0,00;0,00;0,00;0,00;0,00;0,00;0,00;0,00;0,00;0,00;0,00;0,00;0,00;0,00;0,00;0,00;0,00;0,00;0,00;0,00;0,00;0,00;0,00;0,00;0,00;0,00;0,00;0,00;0,00;0,00;0,00;0,00;0,00;0,00;0,00;0,00;0,00;0,00;0,00;0,00;0,00;0,00;0,00;0,00;2,00;0,00;1,00;0,00;0,00;0,00;1,00;0,00;0,00;0,00;0,00;0,00;0,00;0,00;0,00;0,00;0,00;0,00;0,00;0,00;0,00;0,00;0,00;0,00;0,00;0,00;0,00;0,00;0,00;0,00;0,00;0,00;0,00;0,00;0,00;0,00;0,00;0,00;0,00;0,00;0,00;0,00;0,00;0,00;0,00;0,00;0,00;0,00;1,00;1,00;0,00;0,00;0,00;0,00;0,00;0,00;0,00;0,00;4,00;1,00;0,00;0,00;3,00;0,00;0,00;0,00;0,00;0,00;0,00;0,00;0,00;0,00;0,00;0,00;0,00;0,00;0,00;0,00;4,00;1,00;0,00;0,00;3,00;0,00;0,00;0,00;0,00;0,00;2,00;1,00;0,00;0,00;1,00;0,00;0,00;0,00;0,00;0,00;0,00;0,00;0,00;0,00;0,00;0,00;0,00;0,00;0,00;0,00;0,00;0,00;0,00;0,00;0,00;0,00;0,00;0,00;0,00;0,00;0,00;0,00;0,00;0,00;0,00;0,00;0,00;0,00;0,00;0,00;0,00;0,00;0,00;2,00;0,00;0,00;0,00;2,00;0,00;0,00;0,00;0,00;0,00;0,00;0,00;0,00;0,00;0,00;0,00;0,00;0,00;0,00;0,00;0,00;0,00;0,00;0,00;0,00;0,00;0,00;"1";"Muh Isa";"0";"0";"1";"1";"2016.02.05";;
"2016747101307";"74. Sulawesi Tenggara";"71  Kendari";"013  Kadia";"07";0,97;0,00;0,00;0,00;0,00;0,00;0,00;0,00;1,00;0,00;0,00;0,00;1,00;0,00;2,00;0,00;0,00;0,00;0,00;0,00;0,00;0,00;0,00;0,00;0,00;0,00;0,00;0,00;0,00;0,00;0,00;0,00;0,00;0,00;0,00;0,00;0,00;0,00;0,00;0,00;0,00;0,00;0,00;0,00;0,00;0,00;0,00;0,00;0,00;0,00;0,00;0,00;0,00;0,00;0,00;0,00;0,00;0,00;0,00;0,00;0,00;0,00;0,00;0,00;0,00;0,00;0,00;0,00;0,00;0,00;0,00;0,00;0,00;0,00;0,00;0,00;0,00;0,00;1,00;0,00;0,00;0,00;1,00;0,00;2,00;0,00;0,00;0,00;0,00;0,00;0,00;0,00;0,00;0,00;0,00;0,00;0,00;0,00;0,00;0,00;0,00;0,00;0,00;0,00;0,00;0,00;0,00;0,00;0,00;0,00;0,00;0,00;0,00;0,00;0,00;0,00;0,00;0,00;0,00;0,00;0,00;0,00;0,00;0,00;0,00;0,00;0,00;0,00;0,00;0,00;0,00;0,00;0,00;0,00;0,00;0,00;3,00;0,00;0,00;0,00;3,00;0,00;0,00;0,00;0,00;0,00;0,00;0,00;0,00;0,00;0,00;0,00;0,00;0,00;0,00;0,00;3,00;0,00;0,00;0,00;3,00;0,00;0,00;0,00;0,00;0,00;1,00;0,00;1,00;0,00;2,00;0,00;0,00;0,00;0,00;0,00;0,00;0,00;0,00;0,00;0,00;0,00;0,00;0,00;0,00;0,00;0,00;0,00;0,00;0,00;0,00;0,00;0,00;0,00;0,00;0,00;0,00;0,00;0,00;0,00;0,00;0,00;0,00;0,00;0,00;0,00;0,00;0,00;0,00;2,00;1,00;1,00;0,00;2,00;0,00;0,00;0,00;0,00;0,00;0,00;0,00;0,00;0,00;0,00;0,00;0,00;0,00;0,00;0,00;0,00;0,00;0,00;0,00;0,00;0,00;0,00;"1";"Muh Isa";"0";"0";"1";"1";"2016.03.02";;
"2016747101401";"74. Sulawesi Tenggara";"71  Kendari";"014  Wua_wua";"01";0,97;0,00;0,00;0,00;0,00;0,00;0,00;0,00;3,00;0,00;0,00;0,00;5,00;0,00;8,00;0,00;0,00;0,00;0,00;0,00;0,00;0,00;2,00;0,00;0,00;0,00;4,00;0,00;6,00;0,00;0,00;0,00;0,00;0,00;0,00;0,00;2,00;0,00;0,00;0,00;4,00;0,00;6,00;0,00;0,00;0,00;0,00;0,00;0,00;0,00;0,00;0,00;0,00;0,00;0,00;0,00;0,00;0,00;0,00;0,00;0,00;0,00;0,00;0,00;0,00;0,00;0,00;0,00;0,00;0,00;0,00;0,00;0,00;0,00;0,00;0,00;0,00;0,00;1,00;0,00;0,00;0,00;1,00;0,00;2,00;0,00;0,00;0,00;0,00;0,00;0,00;0,00;0,00;0,00;0,00;0,00;0,00;0,00;0,00;0,00;0,00;0,00;0,00;0,00;0,00;0,00;0,00;0,00;0,00;0,00;0,00;0,00;0,00;0,00;0,00;0,00;0,00;0,00;0,00;0,00;0,00;0,00;0,00;0,00;0,00;0,00;1,00;0,00;0,00;0,00;1,00;0,00;0,00;0,00;0,00;0,00;4,00;0,00;0,00;0,00;4,00;0,00;0,00;0,00;0,00;0,00;0,00;0,00;0,00;0,00;0,00;0,00;0,00;0,00;0,00;0,00;4,00;0,00;0,00;0,00;4,00;0,00;0,00;0,00;0,00;0,00;0,00;0,00;0,00;0,00;0,00;0,00;0,00;0,00;0,00;0,00;0,00;0,00;0,00;0,00;0,00;0,00;0,00;0,00;0,00;0,00;0,00;0,00;0,00;0,00;0,00;0,00;0,00;0,00;0,00;0,00;0,00;0,00;0,00;0,00;0,00;0,00;0,00;0,00;0,00;0,00;0,00;0,00;0,00;0,00;0,00;0,00;0,00;0,00;0,00;0,00;0,00;0,00;0,00;0,00;0,00;0,00;0,00;0,00;0,00;0,00;0,00;0,00;0,00;0,00;0,00;0,00;0,00;0,00;0,00;0,00;"1";"Rosmiati";"0";"0";"1";"1";"2016.01.02";;
"2016747101402";"74. Sulawesi Tenggara";"71  Kendari";"014  Wua_wua";"02";0,97;0,00;0,00;0,00;0,00;0,00;0,00;0,00;8,00;0,00;0,00;0,00;20,00;0,00;28,00;0,00;0,00;0,00;0,00;0,00;0,00;0,00;6,00;0,00;0,00;0,00;20,00;0,00;26,00;0,00;0,00;0,00;0,00;0,00;0,00;0,00;6,00;0,00;0,00;0,00;16,00;0,00;22,00;0,00;0,00;0,00;0,00;0,00;0,00;0,00;0,00;0,00;0,00;0,00;4,00;0,00;4,00;0,00;0,00;0,00;0,00;0,00;0,00;0,00;0,00;0,00;0,00;0,00;0,00;0,00;0,00;0,00;0,00;0,00;0,00;0,00;0,00;0,00;2,00;0,00;0,00;0,00;0,00;0,00;2,00;0,00;0,00;0,00;0,00;0,00;0,00;0,00;0,00;0,00;0,00;0,00;0,00;0,00;0,00;0,00;0,00;0,00;0,00;0,00;0,00;0,00;0,00;0,00;0,00;0,00;0,00;0,00;0,00;0,00;0,00;0,00;0,00;0,00;0,00;0,00;0,00;0,00;0,00;0,00;0,00;0,00;1,00;0,00;0,00;0,00;1,00;0,00;0,00;0,00;0,00;0,00;4,00;0,00;1,00;0,00;5,00;0,00;0,00;0,00;0,00;0,00;0,00;0,00;0,00;0,00;0,00;0,00;0,00;0,00;0,00;0,00;4,00;0,00;1,00;0,00;5,00;0,00;0,00;0,00;0,00;0,00;0,00;0,00;0,00;0,00;0,00;0,00;0,00;0,00;0,00;0,00;0,00;0,00;0,00;0,00;0,00;0,00;0,00;0,00;0,00;0,00;0,00;0,00;0,00;0,00;0,00;0,00;0,00;0,00;0,00;0,00;0,00;0,00;0,00;0,00;0,00;0,00;0,00;0,00;0,00;0,00;0,00;0,00;0,00;0,00;0,00;0,00;0,00;0,00;0,00;0,00;0,00;0,00;0,00;0,00;0,00;0,00;0,00;0,00;0,00;0,00;0,00;0,00;0,00;0,00;0,00;0,00;0,00;0,00;0,00;0,00;"1";"Rosmiati";"0";"0";"1";"1";"2016.01.02";;
"2016747101403";"74. Sulawesi Tenggara";"71  Kendari";"014  Wua_wua";"03";0,97;0,00;0,00;0,00;0,00;0,00;0,00;0,00;28,00;9,00;0,00;0,00;0,00;0,00;19,00;0,00;0,00;0,00;0,00;0,00;0,00;0,00;26,00;9,00;0,00;0,00;0,00;0,00;17,00;0,00;0,00;0,00;0,00;0,00;0,00;0,00;22,00;9,00;0,00;0,00;0,00;0,00;13,00;0,00;0,00;0,00;0,00;0,00;0,00;0,00;4,00;0,00;0,00;0,00;0,00;0,00;4,00;0,00;0,00;0,00;0,00;0,00;0,00;0,00;0,00;0,00;0,00;0,00;0,00;0,00;0,00;0,00;0,00;0,00;0,00;0,00;0,00;0,00;2,00;0,00;0,00;0,00;0,00;0,00;2,00;0,00;0,00;0,00;0,00;0,00;0,00;0,00;0,00;0,00;0,00;0,00;0,00;0,00;0,00;0,00;0,00;0,00;0,00;0,00;0,00;0,00;0,00;0,00;0,00;0,00;0,00;0,00;0,00;0,00;0,00;0,00;0,00;0,00;0,00;0,00;0,00;0,00;0,00;0,00;0,00;0,00;1,00;1,00;0,00;0,00;0,00;0,00;0,00;0,00;0,00;0,00;5,00;0,00;0,00;0,00;5,00;0,00;0,00;0,00;0,00;0,00;0,00;0,00;0,00;0,00;0,00;0,00;0,00;0,00;0,00;0,00;5,00;0,00;0,00;0,00;5,00;0,00;0,00;0,00;0,00;0,00;0,00;0,00;0,00;0,00;0,00;0,00;0,00;0,00;0,00;0,00;0,00;0,00;0,00;0,00;0,00;0,00;0,00;0,00;0,00;0,00;0,00;0,00;0,00;0,00;0,00;0,00;0,00;0,00;0,00;0,00;0,00;0,00;0,00;0,00;0,00;0,00;0,00;0,00;0,00;0,00;0,00;0,00;0,00;0,00;0,00;0,00;0,00;0,00;0,00;0,00;0,00;0,00;0,00;0,00;0,00;0,00;0,00;0,00;0,00;0,00;0,00;0,00;0,00;0,00;0,00;0,00;0,00;0,00;0,00;0,00;"1";"Rosmiati";"0";"0";"1";"1";"2016.01.02";;
"2016747101404";"74. Sulawesi Tenggara";"71  Kendari";"014  Wua_wua";"04";0,97;0,00;0,00;0,00;0,00;0,00;0,00;0,00;19,00;10,00;0,00;0,00;0,00;0,00;0,00;0,00;0,00;0,00;0,00;0,00;0,00;0,00;17,00;10,00;0,00;0,00;0,00;0,00;0,00;0,00;0,00;0,00;0,00;0,00;0,00;0,00;13,00;10,00;0,00;0,00;0,00;0,00;0,00;0,00;0,00;0,00;0,00;0,00;0,00;0,00;4,00;0,00;0,00;0,00;0,00;0,00;0,00;0,00;0,00;0,00;0,00;0,00;0,00;0,00;0,00;0,00;0,00;0,00;0,00;0,00;0,00;0,00;0,00;0,00;0,00;0,00;0,00;0,00;2,00;0,00;0,00;0,00;0,00;0,00;0,00;0,00;0,00;0,00;0,00;0,00;0,00;0,00;0,00;0,00;0,00;0,00;0,00;0,00;0,00;0,00;0,00;0,00;0,00;0,00;0,00;0,00;0,00;0,00;0,00;0,00;0,00;0,00;0,00;0,00;0,00;0,00;0,00;0,00;0,00;0,00;0,00;0,00;0,00;0,00;0,00;0,00;0,00;0,00;0,00;0,00;0,00;0,00;0,00;0,00;0,00;0,00;5,00;0,00;0,00;0,00;5,00;0,00;0,00;0,00;0,00;0,00;0,00;0,00;0,00;0,00;0,00;0,00;0,00;0,00;0,00;0,00;5,00;0,00;0,00;0,00;5,00;0,00;0,00;0,00;0,00;0,00;0,00;0,00;0,00;0,00;0,00;0,00;0,00;0,00;0,00;0,00;0,00;0,00;0,00;0,00;0,00;0,00;0,00;0,00;0,00;0,00;0,00;0,00;0,00;0,00;0,00;0,00;0,00;0,00;0,00;0,00;0,00;0,00;0,00;0,00;0,00;0,00;0,00;0,00;0,00;0,00;0,00;0,00;0,00;0,00;0,00;0,00;0,00;0,00;0,00;0,00;0,00;0,00;0,00;0,00;0,00;0,00;0,00;0,00;0,00;0,00;0,00;0,00;0,00;0,00;0,00;0,00;0,00;0,00;0,00;0,00;"1";"Rosmiati";"0";"0";"1";"1";"2016.01.02";;
"2016747101405";"74. Sulawesi Tenggara";"71  Kendari";"014  Wua_wua";"05";0,97;0,00;0,00;0,00;0,00;0,00;0,00;0,00;0,00;0,00;0,00;0,00;2,00;0,00;2,00;0,00;0,00;0,00;0,00;0,00;0,00;0,00;0,00;0,00;0,00;0,00;0,00;0,00;0,00;0,00;0,00;0,00;0,00;0,00;0,00;0,00;0,00;0,00;0,00;0,00;0,00;0,00;0,00;0,00;0,00;0,00;0,00;0,00;0,00;0,00;0,00;0,00;0,00;0,00;0,00;0,00;0,00;0,00;0,00;0,00;0,00;0,00;0,00;0,00;0,00;0,00;0,00;0,00;0,00;0,00;0,00;0,00;0,00;0,00;0,00;0,00;0,00;0,00;0,00;0,00;0,00;0,00;2,00;0,00;2,00;0,00;0,00;0,00;0,00;0,00;0,00;0,00;0,00;0,00;0,00;0,00;0,00;0,00;0,00;0,00;0,00;0,00;0,00;0,00;0,00;0,00;0,00;0,00;0,00;0,00;0,00;0,00;0,00;0,00;0,00;0,00;0,00;0,00;0,00;0,00;0,00;0,00;0,00;0,00;0,00;0,00;0,00;0,00;0,00;0,00;0,00;0,00;0,00;0,00;0,00;0,00;5,00;2,00;0,00;0,00;3,00;0,00;0,00;0,00;0,00;0,00;0,00;0,00;0,00;0,00;0,00;0,00;0,00;0,00;0,00;0,00;5,00;2,00;0,00;0,00;3,00;0,00;0,00;0,00;0,00;0,00;0,00;0,00;0,00;0,00;0,00;0,00;0,00;0,00;0,00;0,00;0,00;0,00;0,00;0,00;0,00;0,00;0,00;0,00;0,00;0,00;0,00;0,00;0,00;0,00;0,00;0,00;0,00;0,00;0,00;0,00;0,00;0,00;0,00;0,00;0,00;0,00;0,00;0,00;0,00;0,00;0,00;0,00;0,00;0,00;0,00;0,00;0,00;0,00;0,00;0,00;0,00;0,00;0,00;0,00;0,00;0,00;0,00;0,00;0,00;0,00;0,00;0,00;0,00;0,00;0,00;0,00;0,00;0,00;0,00;0,00;"1";"Rosmiati";"0";"0";"1";"1";"2016.02.05";;
"2016747101406";"74. Sulawesi Tenggara";"71  Kendari";"014  Wua_wua";"06";0,97;0,00;0,00;0,00;0,00;0,00;0,00;0,00;2,00;0,00;0,00;0,00;0,00;0,00;2,00;0,00;0,00;0,00;0,00;0,00;0,00;0,00;0,00;0,00;0,00;0,00;0,00;0,00;0,00;0,00;0,00;0,00;0,00;0,00;0,00;0,00;0,00;0,00;0,00;0,00;0,00;0,00;0,00;0,00;0,00;0,00;0,00;0,00;0,00;0,00;0,00;0,00;0,00;0,00;0,00;0,00;0,00;0,00;0,00;0,00;0,00;0,00;0,00;0,00;0,00;0,00;0,00;0,00;0,00;0,00;0,00;0,00;0,00;0,00;0,00;0,00;0,00;0,00;2,00;0,00;0,00;0,00;0,00;0,00;2,00;0,00;0,00;0,00;0,00;0,00;0,00;0,00;0,00;0,00;0,00;0,00;0,00;0,00;0,00;0,00;0,00;0,00;0,00;0,00;0,00;0,00;0,00;0,00;0,00;0,00;0,00;0,00;0,00;0,00;0,00;0,00;0,00;0,00;0,00;0,00;0,00;0,00;0,00;0,00;0,00;0,00;0,00;0,00;0,00;0,00;0,00;0,00;0,00;0,00;0,00;0,00;3,00;0,00;0,00;0,00;3,00;0,00;0,00;0,00;0,00;0,00;0,00;0,00;0,00;0,00;0,00;0,00;0,00;0,00;0,00;0,00;3,00;0,00;0,00;0,00;3,00;0,00;0,00;0,00;0,00;0,00;0,00;0,00;0,00;0,00;0,00;0,00;0,00;0,00;0,00;0,00;0,00;0,00;0,00;0,00;0,00;0,00;0,00;0,00;0,00;0,00;0,00;0,00;0,00;0,00;0,00;0,00;0,00;0,00;0,00;0,00;0,00;0,00;0,00;0,00;0,00;0,00;0,00;0,00;0,00;0,00;0,00;0,00;0,00;0,00;0,00;0,00;0,00;0,00;0,00;0,00;0,00;0,00;0,00;0,00;0,00;0,00;0,00;0,00;0,00;0,00;0,00;0,00;0,00;0,00;0,00;0,00;0,00;0,00;0,00;0,00;"1";"Rosmiati";"0";"0";"1";"1";"2016.02.05";;
"2016747101407";"74. Sulawesi Tenggara";"71  Kendari";"014  Wua_wua";"07";0,97;0,00;0,00;0,00;0,00;0,00;0,00;0,00;2,00;1,00;1,00;0,00;2,00;0,00;2,00;0,00;0,00;0,00;0,00;0,00;0,00;0,00;0,00;0,00;0,00;0,00;0,00;0,00;0,00;0,00;0,00;0,00;0,00;0,00;0,00;0,00;0,00;0,00;0,00;0,00;0,00;0,00;0,00;0,00;0,00;0,00;0,00;0,00;0,00;0,00;0,00;0,00;0,00;0,00;0,00;0,00;0,00;0,00;0,00;0,00;0,00;0,00;0,00;0,00;0,00;0,00;0,00;0,00;0,00;0,00;0,00;0,00;0,00;0,00;0,00;0,00;0,00;0,00;2,00;1,00;1,00;0,00;2,00;0,00;2,00;0,00;0,00;0,00;0,00;0,00;0,00;0,00;0,00;0,00;0,00;0,00;0,00;0,00;0,00;0,00;0,00;0,00;0,00;0,00;0,00;0,00;0,00;0,00;0,00;0,00;0,00;0,00;0,00;0,00;0,00;0,00;0,00;0,00;0,00;0,00;0,00;0,00;0,00;0,00;0,00;0,00;0,00;0,00;0,00;0,00;0,00;0,00;0,00;0,00;0,00;0,00;3,00;3,00;0,00;0,00;0,00;0,00;0,00;0,00;0,00;0,00;0,00;0,00;0,00;0,00;0,00;0,00;0,00;0,00;0,00;0,00;3,00;3,00;0,00;0,00;0,00;0,00;0,00;0,00;0,00;0,00;0,00;0,00;0,00;0,00;0,00;0,00;0,00;0,00;0,00;0,00;0,00;0,00;0,00;0,00;0,00;0,00;0,00;0,00;0,00;0,00;0,00;0,00;0,00;0,00;0,00;0,00;0,00;0,00;0,00;0,00;0,00;0,00;0,00;0,00;0,00;0,00;0,00;0,00;0,00;0,00;0,00;0,00;0,00;0,00;0,00;0,00;0,00;0,00;0,00;0,00;0,00;0,00;0,00;0,00;0,00;0,00;0,00;0,00;0,00;0,00;0,00;0,00;0,00;0,00;0,00;0,00;0,00;0,00;0,00;0,00;"1";"Rosmiati";"0";"0";"1";"1";"2016.03.02";;
"2016747102001";"74. Sulawesi Tenggara";"71  Kendari";"020  Poasia";"01";0,97;0,00;0,00;0,00;0,00;0,00;0,00;0,00;111,00;0,00;0,00;0,00;16,00;0,00;127,00;0,00;0,00;0,00;0,00;0,00;0,00;0,00;111,00;0,00;0,00;0,00;16,00;0,00;127,00;0,00;0,00;0,00;0,00;0,00;0,00;0,00;0,00;0,00;0,00;0,00;0,00;0,00;0,00;0,00;0,00;0,00;0,00;0,00;0,00;0,00;111,00;0,00;0,00;0,00;16,00;0,00;127,00;0,00;0,00;0,00;0,00;0,00;0,00;0,00;0,00;0,00;0,00;0,00;0,00;0,00;0,00;0,00;0,00;0,00;0,00;0,00;0,00;0,00;0,00;0,00;0,00;0,00;0,00;0,00;0,00;0,00;0,00;0,00;0,00;0,00;0,00;10,00;0,00;0,00;2,00;0,00;12,00;0,00;0,00;0,00;0,00;0,00;0,00;0,00;0,00;0,00;0,00;0,00;0,00;0,00;0,00;0,00;0,00;0,00;0,00;10,00;0,00;0,00;2,00;0,00;12,00;0,00;0,00;0,00;0,00;0,00;3,00;0,00;3,00;0,00;6,00;0,00;0,00;0,00;0,00;0,00;6,00;1,00;2,00;0,00;7,00;0,00;0,00;0,00;0,00;0,00;0,00;0,00;0,00;0,00;0,00;0,00;0,00;0,00;0,00;0,00;6,00;1,00;2,00;0,00;7,00;0,00;0,00;0,00;0,00;0,00;1,00;0,00;1,00;0,00;2,00;0,00;0,00;0,00;0,00;0,00;0,00;0,00;0,00;0,00;0,00;0,00;0,00;0,00;0,00;0,00;0,00;0,00;0,00;0,00;0,00;0,00;0,00;0,00;0,00;0,00;0,00;0,00;0,00;0,00;0,00;0,00;0,00;0,00;0,00;0,00;0,00;0,00;0,00;1,00;0,00;1,00;0,00;2,00;0,00;0,00;0,00;0,00;0,00;0,00;0,00;0,00;0,00;0,00;0,00;0,00;0,00;0,00;0,00;0,00;0,00;0,00;0,00;0,00;0,00;0,00;"1";"Samsidar";"0";"0";"1";"1";"2016.01.02";;
"2016747102002";"74. Sulawesi Tenggara";"71  Kendari";"020  Poasia";"02";0,97;0,00;0,00;0,00;0,00;0,00;0,00;0,00;127,00;0,00;0,00;0,00;13,00;0,00;140,00;0,00;0,00;0,00;0,00;0,00;0,00;0,00;127,00;0,00;0,00;0,00;13,00;0,00;140,00;0,00;0,00;0,00;0,00;0,00;0,00;0,00;0,00;0,00;0,00;0,00;0,00;0,00;0,00;0,00;0,00;0,00;0,00;0,00;0,00;0,00;127,00;0,00;0,00;0,00;13,00;0,00;140,00;0,00;0,00;0,00;0,00;0,00;0,00;0,00;0,00;0,00;0,00;0,00;0,00;0,00;0,00;0,00;0,00;0,00;0,00;0,00;0,00;0,00;0,00;0,00;0,00;0,00;0,00;0,00;0,00;0,00;0,00;0,00;0,00;0,00;0,00;12,00;0,00;0,00;0,00;0,00;12,00;0,00;0,00;0,00;0,00;0,00;0,00;0,00;0,00;0,00;0,00;0,00;0,00;0,00;0,00;0,00;0,00;0,00;0,00;12,00;0,00;0,00;0,00;0,00;12,00;0,00;0,00;0,00;0,00;0,00;6,00;0,00;2,00;0,00;8,00;0,00;0,00;0,00;0,00;0,00;7,00;2,00;2,00;0,00;7,00;0,00;0,00;0,00;0,00;0,00;0,00;0,00;0,00;0,00;0,00;0,00;0,00;0,00;0,00;0,00;7,00;2,00;2,00;0,00;7,00;0,00;0,00;0,00;0,00;0,00;2,00;0,00;1,00;0,00;3,00;0,00;0,00;0,00;0,00;0,00;0,00;0,00;0,00;0,00;0,00;0,00;0,00;0,00;0,00;0,00;0,00;0,00;0,00;0,00;0,00;0,00;0,00;0,00;0,00;0,00;0,00;0,00;0,00;0,00;0,00;0,00;0,00;0,00;0,00;0,00;0,00;0,00;0,00;2,00;0,00;1,00;0,00;3,00;0,00;0,00;0,00;0,00;0,00;0,00;0,00;0,00;0,00;0,00;0,00;0,00;0,00;0,00;0,00;0,00;0,00;0,00;0,00;0,00;0,00;0,00;"1";"Samsidar";"0";"0";"1";"1";"2016.01.02";;
"2016747102003";"74. Sulawesi Tenggara";"71  Kendari";"020  Poasia";"03";0,97;0,00;0,00;0,00;0,00;0,00;0,00;0,00;140,00;10,00;0,00;0,00;1,00;0,00;131,00;0,00;0,00;0,00;0,00;0,00;0,00;0,00;140,00;10,00;0,00;0,00;1,00;0,00;131,00;0,00;0,00;0,00;0,00;0,00;0,00;0,00;0,00;0,00;0,00;0,00;0,00;0,00;0,00;0,00;0,00;0,00;0,00;0,00;0,00;0,00;140,00;10,00;0,00;0,00;1,00;0,00;131,00;0,00;0,00;0,00;0,00;0,00;0,00;0,00;0,00;0,00;0,00;0,00;0,00;0,00;0,00;0,00;0,00;0,00;0,00;0,00;0,00;0,00;0,00;0,00;0,00;0,00;0,00;0,00;0,00;0,00;0,00;0,00;0,00;0,00;0,00;12,00;0,00;0,00;0,00;0,00;12,00;0,00;0,00;0,00;0,00;0,00;0,00;0,00;0,00;0,00;0,00;0,00;0,00;0,00;0,00;0,00;0,00;0,00;0,00;12,00;0,00;0,00;0,00;0,00;12,00;0,00;0,00;0,00;0,00;0,00;8,00;3,00;0,00;0,00;5,00;0,00;0,00;0,00;0,00;0,00;7,00;1,00;2,00;0,00;8,00;0,00;0,00;0,00;0,00;0,00;0,00;0,00;0,00;0,00;0,00;0,00;0,00;0,00;0,00;0,00;7,00;1,00;2,00;0,00;8,00;0,00;0,00;0,00;0,00;0,00;3,00;0,00;1,00;0,00;4,00;0,00;0,00;0,00;0,00;0,00;0,00;0,00;0,00;0,00;0,00;0,00;0,00;0,00;0,00;0,00;0,00;0,00;0,00;0,00;0,00;0,00;0,00;0,00;0,00;0,00;0,00;0,00;0,00;0,00;0,00;0,00;0,00;0,00;0,00;0,00;0,00;0,00;0,00;3,00;0,00;0,00;0,00;3,00;0,00;0,00;0,00;0,00;0,00;0,00;0,00;0,00;0,00;0,00;0,00;0,00;0,00;0,00;0,00;0,00;0,00;0,00;0,00;0,00;0,00;0,00;"1";"Samsidar";"0";"0";"1";"1";"2016.01.02";;
"2016747102004";"74. Sulawesi Tenggara";"71  Kendari";"020  Poasia";"04";0,97;0,00;0,00;0,00;0,00;0,00;0,00;0,00;131,00;57,00;0,00;0,00;1,00;0,00;75,00;0,00;0,00;0,00;0,00;0,00;0,00;0,00;131,00;57,00;0,00;0,00;1,00;0,00;75,00;0,00;0,00;0,00;0,00;0,00;0,00;0,00;0,00;0,00;0,00;0,00;0,00;0,00;0,00;0,00;0,00;0,00;0,00;0,00;0,00;0,00;131,00;57,00;0,00;0,00;1,00;0,00;75,00;0,00;0,00;0,00;0,00;0,00;0,00;0,00;0,00;0,00;0,00;0,00;0,00;0,00;0,00;0,00;0,00;0,00;0,00;0,00;0,00;0,00;0,00;0,00;0,00;0,00;0,00;0,00;0,00;0,00;0,00;0,00;0,00;0,00;0,00;12,00;7,00;0,00;0,00;0,00;5,00;0,00;0,00;0,00;0,00;0,00;0,00;0,00;0,00;0,00;0,00;0,00;0,00;0,00;0,00;0,00;0,00;0,00;0,00;12,00;7,00;0,00;0,00;0,00;5,00;0,00;0,00;0,00;0,00;0,00;5,00;3,00;0,00;0,00;2,00;0,00;0,00;0,00;0,00;0,00;8,00;2,00;1,00;0,00;7,00;0,00;0,00;0,00;0,00;0,00;0,00;0,00;0,00;0,00;0,00;0,00;0,00;0,00;0,00;0,00;8,00;2,00;1,00;0,00;7,00;0,00;0,00;0,00;0,00;0,00;4,00;0,00;0,00;0,00;4,00;0,00;0,00;0,00;0,00;0,00;0,00;0,00;0,00;0,00;0,00;0,00;0,00;0,00;0,00;0,00;0,00;0,00;0,00;0,00;0,00;0,00;0,00;0,00;0,00;0,00;0,00;0,00;0,00;0,00;0,00;0,00;0,00;0,00;0,00;0,00;0,00;0,00;0,00;3,00;0,00;0,00;0,00;3,00;0,00;0,00;0,00;0,00;0,00;0,00;0,00;0,00;0,00;0,00;0,00;0,00;0,00;0,00;0,00;0,00;0,00;0,00;0,00;0,00;0,00;0,00;"1";"Samsidar";"0";"0";"1";"1";"2016.01.02";;
"2016747102005";"74. Sulawesi Tenggara";"71  Kendari";"020  Poasia";"05";0,97;0,00;0,00;0,00;0,00;0,00;0,00;0,00;75,00;72,00;0,00;0,00;4,00;0,00;7,00;0,00;0,00;0,00;0,00;0,00;0,00;0,00;75,00;72,00;0,00;0,00;4,00;0,00;7,00;0,00;0,00;0,00;0,00;0,00;0,00;0,00;0,00;0,00;0,00;0,00;0,00;0,00;0,00;0,00;0,00;0,00;0,00;0,00;0,00;0,00;75,00;72,00;0,00;0,00;4,00;0,00;7,00;0,00;0,00;0,00;0,00;0,00;0,00;0,00;0,00;0,00;0,00;0,00;0,00;0,00;0,00;0,00;0,00;0,00;0,00;0,00;0,00;0,00;0,00;0,00;0,00;0,00;0,00;0,00;0,00;0,00;0,00;0,00;0,00;0,00;0,00;5,00;5,00;0,00;0,00;0,00;0,00;0,00;0,00;0,00;0,00;0,00;0,00;0,00;0,00;0,00;0,00;0,00;0,00;0,00;0,00;0,00;0,00;0,00;0,00;5,00;5,00;0,00;0,00;0,00;0,00;0,00;0,00;0,00;0,00;0,00;2,00;2,00;0,00;0,00;0,00;0,00;0,00;0,00;0,00;0,00;7,00;1,00;1,00;0,00;7,00;0,00;0,00;0,00;0,00;0,00;0,00;0,00;0,00;0,00;0,00;0,00;0,00;0,00;0,00;0,00;7,00;1,00;1,00;0,00;7,00;0,00;0,00;0,00;0,00;0,00;4,00;1,00;1,00;0,00;4,00;0,00;0,00;0,00;0,00;0,00;0,00;0,00;0,00;0,00;0,00;0,00;0,00;0,00;0,00;0,00;0,00;0,00;0,00;0,00;0,00;0,00;0,00;0,00;0,00;0,00;0,00;0,00;0,00;0,00;0,00;0,00;0,00;0,00;0,00;0,00;0,00;0,00;0,00;3,00;0,00;0,00;0,00;3,00;0,00;0,00;0,00;0,00;0,00;0,00;0,00;0,00;0,00;0,00;0,00;0,00;0,00;0,00;0,00;0,00;0,00;0,00;0,00;0,00;0,00;0,00;"1";"Samsidar";"0";"0";"1";"1";"2016.02.05";;
"2016747102006";"74. Sulawesi Tenggara";"71  Kendari";"020  Poasia";"06";0,97;0,00;0,00;0,00;0,00;0,00;0,00;0,00;7,00;1,00;0,00;0,00;6,00;0,00;12,00;0,00;0,00;0,00;0,00;0,00;0,00;0,00;7,00;1,00;0,00;0,00;6,00;0,00;12,00;0,00;0,00;0,00;0,00;0,00;0,00;0,00;0,00;0,00;0,00;0,00;0,00;0,00;0,00;0,00;0,00;0,00;0,00;0,00;0,00;0,00;7,00;1,00;0,00;0,00;6,00;0,00;12,00;0,00;0,00;0,00;0,00;0,00;0,00;0,00;0,00;0,00;0,00;0,00;0,00;0,00;0,00;0,00;0,00;0,00;0,00;0,00;0,00;0,00;0,00;0,00;0,00;0,00;0,00;0,00;0,00;0,00;0,00;0,00;0,00;0,00;0,00;0,00;0,00;0,00;0,00;0,00;0,00;0,00;0,00;0,00;0,00;0,00;0,00;0,00;0,00;0,00;0,00;0,00;0,00;0,00;0,00;0,00;0,00;0,00;0,00;0,00;0,00;0,00;0,00;0,00;0,00;0,00;0,00;0,00;0,00;0,00;0,00;0,00;5,00;0,00;5,00;0,00;0,00;0,00;0,00;0,00;7,00;1,00;2,00;0,00;8,00;0,00;0,00;0,00;0,00;0,00;0,00;0,00;0,00;0,00;0,00;0,00;0,00;0,00;0,00;0,00;7,00;1,00;2,00;0,00;8,00;0,00;0,00;0,00;0,00;0,00;4,00;1,00;0,00;0,00;3,00;0,00;0,00;0,00;0,00;0,00;0,00;0,00;0,00;0,00;0,00;0,00;0,00;0,00;0,00;0,00;0,00;0,00;0,00;0,00;0,00;0,00;0,00;0,00;0,00;0,00;0,00;0,00;0,00;0,00;0,00;0,00;0,00;0,00;0,00;0,00;0,00;0,00;0,00;3,00;1,00;0,00;0,00;2,00;8,00;0,00;0,00;0,00;0,00;0,00;0,00;0,00;0,00;0,00;0,00;0,00;0,00;0,00;0,00;0,00;0,00;0,00;0,00;0,00;0,00;0,00;"1";"Samsidar";"0";"0";"1";"1";"2016.02.05";;
"2016747102007";"74. Sulawesi Tenggara";"71  Kendari";"020  Poasia";"07";0,97;0,00;0,00;0,00;0,00;0,00;0,00;0,00;12,00;0,00;0,00;0,00;4,00;0,00;16,00;0,00;0,00;0,00;0,00;0,00;0,00;0,00;12,00;0,00;0,00;0,00;4,00;0,00;16,00;0,00;0,00;0,00;0,00;0,00;0,00;0,00;0,00;0,00;0,00;0,00;0,00;0,00;0,00;0,00;0,00;0,00;0,00;0,00;0,00;0,00;12,00;0,00;0,00;0,00;4,00;0,00;16,00;0,00;0,00;0,00;0,00;0,00;0,00;0,00;0,00;0,00;0,00;0,00;0,00;0,00;0,00;0,00;0,00;0,00;0,00;0,00;0,00;0,00;0,00;0,00;0,00;0,00;0,00;0,00;0,00;0,00;0,00;0,00;0,00;0,00;0,00;0,00;0,00;0,00;1,00;0,00;1,00;0,00;0,00;0,00;0,00;0,00;0,00;0,00;0,00;0,00;1,00;0,00;1,00;0,00;0,00;0,00;0,00;0,00;0,00;0,00;0,00;0,00;0,00;0,00;0,00;0,00;0,00;0,00;0,00;0,00;5,00;0,00;1,00;0,00;6,00;0,00;0,00;0,00;0,00;0,00;8,00;1,00;2,00;0,00;9,00;0,00;0,00;0,00;0,00;0,00;0,00;0,00;0,00;0,00;0,00;0,00;0,00;0,00;0,00;0,00;8,00;1,00;2,00;0,00;9,00;0,00;0,00;0,00;0,00;0,00;3,00;0,00;1,00;0,00;4,00;0,00;0,00;0,00;0,00;0,00;0,00;0,00;0,00;0,00;0,00;0,00;0,00;0,00;0,00;0,00;0,00;0,00;0,00;0,00;0,00;0,00;0,00;0,00;0,00;0,00;0,00;0,00;0,00;0,00;0,00;0,00;0,00;0,00;0,00;0,00;0,00;0,00;0,00;2,00;0,00;1,00;0,00;3,00;0,00;0,00;0,00;0,00;0,00;0,00;0,00;0,00;0,00;0,00;0,00;0,00;0,00;0,00;0,00;0,00;0,00;0,00;0,00;0,00;0,00;0,00;"1";"Samsidar";"0";"0";"1";"1";"2016.03.02";;
"2016747102101";"74. Sulawesi Tenggara";"71  Kendari";"021  Abeli";"01";0,97;0,00;0,00;0,00;0,00;0,00;0,00;0,00;3,00;0,00;0,00;0,00;12,00;0,00;15,00;0,00;0,00;0,00;0,00;0,00;0,00;0,00;0,00;0,00;0,00;0,00;7,00;0,00;7,00;0,00;0,00;0,00;0,00;0,00;0,00;0,00;0,00;0,00;0,00;0,00;0,00;0,00;0,00;0,00;0,00;0,00;0,00;0,00;0,00;0,00;0,00;0,00;0,00;0,00;7,00;0,00;7,00;0,00;0,00;0,00;0,00;0,00;0,00;0,00;0,00;0,00;0,00;0,00;4,00;0,00;4,00;0,00;0,00;0,00;0,00;0,00;0,00;0,00;3,00;0,00;0,00;0,00;1,00;0,00;4,00;0,00;0,00;0,00;0,00;0,00;0,00;0,00;0,00;0,00;0,00;0,00;0,00;0,00;0,00;0,00;0,00;0,00;0,00;0,00;0,00;0,00;0,00;0,00;0,00;0,00;0,00;0,00;0,00;0,00;0,00;0,00;0,00;0,00;0,00;0,00;0,00;0,00;0,00;0,00;0,00;0,00;0,00;0,00;0,00;0,00;0,00;0,00;0,00;0,00;0,00;0,00;4,00;0,00;3,00;0,00;6,00;0,00;0,00;0,00;0,00;0,00;0,00;0,00;0,00;0,00;0,00;0,00;0,00;0,00;0,00;0,00;0,00;0,00;3,00;0,00;6,00;0,00;0,00;0,00;0,00;0,00;3,00;1,00;1,00;0,00;3,00;0,00;0,00;0,00;0,00;0,00;0,00;0,00;0,00;0,00;0,00;0,00;0,00;0,00;0,00;0,00;0,00;0,00;0,00;0,00;0,00;0,00;0,00;0,00;0,00;0,00;0,00;0,00;0,00;0,00;0,00;0,00;0,00;0,00;0,00;0,00;0,00;0,00;0,00;3,00;0,00;0,00;0,00;3,00;0,00;0,00;0,00;0,00;0,00;0,00;0,00;0,00;0,00;0,00;0,00;0,00;0,00;0,00;0,00;0,00;0,00;0,00;0,00;0,00;0,00;0,00;"1";"Hasnawati";"0";"0";"1";"1";"2016.01.02";;
"2016747102102";"74. Sulawesi Tenggara";"71  Kendari";"021  Abeli";"02";0,97;0,00;0,00;0,00;0,00;0,00;0,00;0,00;15,00;0,00;0,00;0,00;0,00;0,00;15,00;0,00;0,00;0,00;0,00;0,00;0,00;0,00;7,00;0,00;0,00;0,00;0,00;0,00;7,00;0,00;0,00;0,00;0,00;0,00;0,00;0,00;0,00;0,00;0,00;0,00;0,00;0,00;0,00;0,00;0,00;0,00;0,00;0,00;0,00;0,00;7,00;0,00;0,00;0,00;0,00;0,00;7,00;0,00;0,00;0,00;0,00;0,00;0,00;0,00;4,00;0,00;0,00;0,00;0,00;0,00;4,00;0,00;0,00;0,00;0,00;0,00;0,00;0,00;4,00;0,00;0,00;0,00;0,00;0,00;4,00;0,00;0,00;0,00;0,00;0,00;0,00;0,00;0,00;0,00;0,00;0,00;0,00;0,00;0,00;0,00;0,00;0,00;0,00;0,00;0,00;0,00;0,00;0,00;0,00;0,00;0,00;0,00;0,00;0,00;0,00;0,00;0,00;0,00;0,00;0,00;0,00;0,00;0,00;0,00;0,00;0,00;0,00;0,00;0,00;0,00;0,00;0,00;0,00;0,00;0,00;0,00;6,00;2,00;0,00;0,00;4,00;0,00;0,00;0,00;0,00;0,00;0,00;0,00;0,00;0,00;0,00;0,00;0,00;0,00;0,00;0,00;6,00;2,00;0,00;0,00;4,00;0,00;0,00;0,00;0,00;0,00;3,00;1,00;0,00;0,00;2,00;0,00;0,00;0,00;0,00;0,00;0,00;0,00;0,00;0,00;0,00;0,00;0,00;0,00;0,00;0,00;0,00;0,00;0,00;0,00;0,00;0,00;0,00;0,00;0,00;0,00;0,00;0,00;0,00;0,00;0,00;0,00;0,00;0,00;0,00;0,00;0,00;0,00;0,00;3,00;0,00;0,00;0,00;3,00;0,00;0,00;0,00;0,00;0,00;0,00;0,00;0,00;0,00;0,00;0,00;0,00;0,00;0,00;0,00;0,00;0,00;0,00;0,00;0,00;0,00;0,00;"1";"Hasnawati";"0";"0";"1";"1";"2016.01.02";;
"2016747102103";"74. Sulawesi Tenggara";"71  Kendari";"021  Abeli";"03";0,97;0,00;0,00;0,00;0,00;0,00;0,00;0,00;15,00;0,00;0,00;0,00;0,00;0,00;15,00;0,00;0,00;0,00;0,00;0,00;0,00;0,00;7,00;0,00;0,00;0,00;0,00;0,00;7,00;0,00;0,00;0,00;0,00;0,00;0,00;0,00;0,00;0,00;0,00;0,00;0,00;0,00;0,00;0,00;0,00;0,00;0,00;0,00;0,00;0,00;7,00;0,00;0,00;0,00;0,00;0,00;7,00;0,00;0,00;0,00;0,00;0,00;0,00;0,00;4,00;0,00;0,00;0,00;0,00;0,00;4,00;0,00;0,00;0,00;0,00;0,00;0,00;0,00;4,00;0,00;0,00;0,00;0,00;0,00;4,00;0,00;0,00;0,00;0,00;0,00;0,00;0,00;0,00;0,00;0,00;0,00;0,00;0,00;0,00;0,00;0,00;0,00;0,00;0,00;0,00;0,00;0,00;0,00;0,00;0,00;0,00;0,00;0,00;0,00;0,00;0,00;0,00;0,00;0,00;0,00;0,00;0,00;0,00;0,00;0,00;0,00;0,00;0,00;0,00;0,00;0,00;0,00;0,00;0,00;0,00;0,00;4,00;2,00;2,00;0,00;4,00;0,00;0,00;0,00;0,00;0,00;0,00;0,00;0,00;0,00;0,00;0,00;0,00;0,00;0,00;0,00;4,00;2,00;2,00;0,00;4,00;0,00;0,00;0,00;0,00;0,00;2,00;1,00;2,00;0,00;3,00;0,00;0,00;0,00;0,00;0,00;0,00;0,00;0,00;0,00;0,00;0,00;0,00;0,00;0,00;0,00;0,00;0,00;0,00;0,00;0,00;0,00;0,00;0,00;0,00;0,00;0,00;0,00;0,00;0,00;0,00;0,00;0,00;0,00;0,00;0,00;0,00;0,00;0,00;3,00;1,00;1,00;0,00;3,00;1,00;0,00;0,00;0,00;0,00;0,00;0,00;0,00;0,00;0,00;0,00;0,00;0,00;0,00;0,00;0,00;0,00;0,00;0,00;0,00;0,00;0,00;"1";"Hasnawati";"0";"0";"1";"1";"2016.01.02";;
"2016747102104";"74. Sulawesi Tenggara";"71  Kendari";"021  Abeli";"04";0,97;0,00;0,00;0,00;0,00;0,00;0,00;0,00;15,00;4,00;0,00;0,00;3,00;0,00;14,00;0,00;0,00;0,00;0,00;0,00;0,00;0,00;7,00;0,00;0,00;0,00;0,00;0,00;0,00;0,00;0,00;0,00;0,00;0,00;0,00;0,00;0,00;0,00;0,00;0,00;0,00;0,00;0,00;0,00;0,00;0,00;0,00;0,00;0,00;0,00;7,00;0,00;0,00;0,00;0,00;0,00;0,00;0,00;0,00;0,00;0,00;0,00;0,00;0,00;4,00;0,00;0,00;0,00;3,00;0,00;7,00;0,00;0,00;0,00;0,00;0,00;0,00;0,00;4,00;4,00;0,00;0,00;0,00;0,00;7,00;0,00;0,00;0,00;0,00;0,00;0,00;0,00;0,00;0,00;0,00;0,00;0,00;0,00;0,00;0,00;0,00;0,00;0,00;0,00;0,00;0,00;0,00;0,00;0,00;0,00;0,00;0,00;0,00;0,00;0,00;0,00;0,00;0,00;0,00;0,00;0,00;0,00;0,00;0,00;0,00;0,00;0,00;0,00;0,00;0,00;0,00;0,00;0,00;0,00;0,00;0,00;4,00;2,00;1,00;0,00;3,00;0,00;0,00;0,00;0,00;0,00;0,00;0,00;0,00;0,00;0,00;0,00;0,00;0,00;0,00;0,00;4,00;2,00;1,00;0,00;3,00;0,00;0,00;0,00;0,00;0,00;3,00;1,00;0,00;0,00;2,00;0,00;0,00;0,00;0,00;0,00;0,00;0,00;0,00;0,00;0,00;0,00;0,00;0,00;0,00;0,00;0,00;0,00;0,00;0,00;0,00;0,00;0,00;0,00;0,00;0,00;0,00;0,00;0,00;0,00;0,00;0,00;0,00;0,00;0,00;0,00;0,00;0,00;0,00;3,00;1,00;0,00;0,00;2,00;1,00;0,00;0,00;0,00;0,00;0,00;0,00;0,00;0,00;0,00;0,00;0,00;0,00;0,00;0,00;0,00;0,00;0,00;0,00;0,00;0,00;0,00;"1";"Hasnawati";"0";"0";"1";"1";"2016.01.02";;
"2016747102105";"74. Sulawesi Tenggara";"71  Kendari";"021  Abeli";"05";0,97;0,00;0,00;0,00;0,00;0,00;0,00;0,00;14,00;0,00;0,00;0,00;0,00;0,00;14,00;0,00;0,00;0,00;0,00;0,00;0,00;0,00;0,00;0,00;0,00;0,00;0,00;0,00;0,00;0,00;0,00;0,00;0,00;0,00;0,00;0,00;0,00;0,00;0,00;0,00;0,00;0,00;0,00;0,00;0,00;0,00;0,00;0,00;0,00;0,00;0,00;0,00;0,00;0,00;0,00;0,00;0,00;0,00;0,00;0,00;0,00;0,00;0,00;0,00;7,00;0,00;0,00;0,00;0,00;0,00;7,00;0,00;0,00;0,00;0,00;0,00;0,00;0,00;7,00;0,00;0,00;0,00;0,00;0,00;7,00;0,00;0,00;0,00;0,00;0,00;0,00;0,00;0,00;0,00;0,00;0,00;0,00;0,00;0,00;0,00;0,00;0,00;0,00;0,00;0,00;0,00;0,00;0,00;0,00;0,00;0,00;0,00;0,00;0,00;0,00;0,00;0,00;0,00;0,00;0,00;0,00;0,00;0,00;0,00;0,00;0,00;0,00;0,00;0,00;0,00;0,00;0,00;0,00;0,00;0,00;0,00;3,00;2,00;0,00;0,00;1,00;0,00;0,00;0,00;0,00;0,00;0,00;0,00;0,00;0,00;0,00;0,00;0,00;0,00;0,00;0,00;3,00;2,00;0,00;0,00;1,00;0,00;0,00;0,00;0,00;0,00;2,00;1,00;2,00;0,00;3,00;0,00;0,00;0,00;0,00;0,00;0,00;0,00;0,00;0,00;0,00;0,00;0,00;0,00;0,00;0,00;0,00;0,00;0,00;0,00;0,00;0,00;0,00;0,00;0,00;0,00;0,00;0,00;0,00;0,00;0,00;0,00;0,00;0,00;0,00;0,00;0,00;0,00;0,00;2,00;0,00;0,00;0,00;2,00;0,00;0,00;0,00;0,00;0,00;0,00;0,00;0,00;0,00;0,00;0,00;0,00;0,00;0,00;0,00;0,00;0,00;0,00;0,00;0,00;0,00;0,00;"1";"Hasnawati";"0";"0";"1";"1";"2016.02.05";;
"2016747102106";"74. Sulawesi Tenggara";"71  Kendari";"021  Abeli";"06";0,97;0,00;0,00;0,00;0,00;0,00;0,00;0,00;14,00;8,00;0,00;0,00;0,00;0,00;6,00;0,00;0,00;0,00;0,00;0,00;0,00;0,00;0,00;0,00;0,00;0,00;0,00;0,00;0,00;0,00;0,00;0,00;0,00;0,00;0,00;0,00;0,00;0,00;0,00;0,00;0,00;0,00;0,00;0,00;0,00;0,00;0,00;0,00;0,00;0,00;0,00;0,00;0,00;0,00;0,00;0,00;0,00;0,00;0,00;0,00;0,00;0,00;0,00;0,00;7,00;4,00;0,00;0,00;0,00;0,00;3,00;0,00;0,00;0,00;0,00;0,00;0,00;0,00;7,00;4,00;0,00;0,00;0,00;0,00;3,00;0,00;0,00;0,00;0,00;0,00;0,00;0,00;0,00;0,00;0,00;0,00;0,00;0,00;0,00;0,00;0,00;0,00;0,00;0,00;0,00;0,00;0,00;0,00;0,00;0,00;0,00;0,00;0,00;0,00;0,00;0,00;0,00;0,00;0,00;0,00;0,00;0,00;0,00;0,00;0,00;0,00;0,00;0,00;0,00;0,00;0,00;0,00;0,00;0,00;0,00;0,00;1,00;0,00;3,00;0,00;4,00;0,00;0,00;0,00;0,00;0,00;0,00;0,00;0,00;0,00;0,00;0,00;0,00;0,00;0,00;0,00;1,00;0,00;3,00;0,00;4,00;0,00;0,00;0,00;0,00;0,00;3,00;1,00;2,00;0,00;4,00;0,00;0,00;0,00;0,00;0,00;0,00;0,00;0,00;0,00;0,00;0,00;0,00;0,00;0,00;0,00;0,00;0,00;0,00;0,00;0,00;0,00;0,00;0,00;0,00;0,00;0,00;0,00;0,00;0,00;0,00;0,00;0,00;0,00;0,00;0,00;0,00;0,00;0,00;2,00;1,00;2,00;0,00;3,00;1,00;0,00;0,00;0,00;0,00;0,00;0,00;0,00;0,00;0,00;0,00;0,00;0,00;0,00;0,00;0,00;0,00;0,00;0,00;0,00;0,00;0,00;"1";"Hasnawati";"0";"0";"1";"1";"2016.02.05";;
"2016747102107";"74. Sulawesi Tenggara";"71  Kendari";"021  Abeli";"07";0,97;0,00;0,00;0,00;0,00;0,00;0,00;0,00;6,00;0,00;0,00;0,00;0,00;0,00;6,00;0,00;0,00;0,00;0,00;0,00;0,00;0,00;0,00;0,00;0,00;0,00;0,00;0,00;0,00;0,00;0,00;0,00;0,00;0,00;0,00;0,00;0,00;0,00;0,00;0,00;0,00;0,00;0,00;0,00;0,00;0,00;0,00;0,00;0,00;0,00;0,00;0,00;0,00;0,00;0,00;0,00;0,00;0,00;0,00;0,00;0,00;0,00;0,00;0,00;3,00;0,00;0,00;0,00;0,00;0,00;3,00;0,00;0,00;0,00;0,00;0,00;0,00;0,00;3,00;0,00;0,00;0,00;0,00;0,00;3,00;0,00;0,00;0,00;0,00;0,00;0,00;0,00;0,00;0,00;0,00;0,00;0,00;0,00;0,00;0,00;0,00;0,00;0,00;0,00;0,00;0,00;0,00;0,00;0,00;0,00;0,00;0,00;0,00;0,00;0,00;0,00;0,00;0,00;0,00;0,00;0,00;0,00;0,00;0,00;0,00;0,00;0,00;0,00;0,00;0,00;0,00;0,00;0,00;0,00;0,00;0,00;4,00;1,00;0,00;0,00;3,00;0,00;0,00;0,00;0,00;0,00;0,00;0,00;0,00;0,00;0,00;0,00;0,00;0,00;0,00;0,00;4,00;1,00;0,00;0,00;3,00;0,00;0,00;0,00;0,00;0,00;4,00;1,00;0,00;0,00;3,00;0,00;0,00;0,00;0,00;0,00;0,00;0,00;0,00;0,00;0,00;0,00;0,00;0,00;0,00;0,00;0,00;0,00;0,00;0,00;0,00;0,00;0,00;0,00;0,00;0,00;0,00;0,00;0,00;0,00;0,00;0,00;0,00;0,00;0,00;0,00;0,00;0,00;0,00;3,00;1,00;0,00;0,00;2,00;1,00;0,00;0,00;0,00;0,00;0,00;0,00;0,00;0,00;0,00;0,00;0,00;0,00;0,00;0,00;0,00;0,00;0,00;0,00;0,00;0,00;0,00;"1";"Hasnawati";"0";"0";"1";"1";"2016.03.02";;
"2016747102201";"74. Sulawesi Tenggara";"71  Kendari";"022  Kambu";"01";0,97;0,00;0,00;0,00;0,00;0,00;0,00;0,00;8,00;0,00;0,00;0,00;10,00;0,00;18,00;0,00;0,00;0,00;0,00;0,00;0,00;0,00;8,00;0,00;0,00;0,00;10,00;0,00;18,00;0,00;0,00;0,00;0,00;0,00;0,00;0,00;8,00;0,00;0,00;0,00;10,00;0,00;18,00;0,00;0,00;0,00;0,00;0,00;0,00;0,00;0,00;0,00;0,00;0,00;0,00;0,00;0,00;0,00;0,00;0,00;0,00;0,00;0,00;0,00;0,00;0,00;0,00;0,00;0,00;0,00;0,00;0,00;0,00;0,00;0,00;0,00;0,00;0,00;0,00;0,00;0,00;0,00;0,00;0,00;0,00;0,00;0,00;0,00;0,00;0,00;0,00;0,00;0,00;0,00;0,00;0,00;0,00;0,00;0,00;0,00;0,00;0,00;0,00;0,00;0,00;0,00;0,00;0,00;0,00;0,00;0,00;0,00;0,00;0,00;0,00;0,00;0,00;0,00;0,00;0,00;0,00;0,00;0,00;0,00;0,00;0,00;0,00;0,00;0,00;0,00;0,00;0,00;0,00;0,00;0,00;0,00;2,00;0,00;0,00;0,00;2,00;0,00;0,00;0,00;0,00;0,00;0,00;0,00;0,00;0,00;0,00;0,00;0,00;0,00;0,00;0,00;2,00;0,00;0,00;0,00;2,00;0,00;0,00;0,00;0,00;0,00;0,00;0,00;0,00;0,00;0,00;0,00;0,00;0,00;0,00;0,00;0,00;0,00;0,00;0,00;0,00;0,00;0,00;0,00;0,00;0,00;0,00;0,00;0,00;0,00;0,00;0,00;0,00;0,00;0,00;0,00;0,00;0,00;0,00;0,00;0,00;0,00;0,00;0,00;0,00;0,00;0,00;0,00;0,00;0,00;0,00;0,00;0,00;0,00;0,00;0,00;0,00;0,00;0,00;0,00;0,00;0,00;0,00;0,00;0,00;0,00;0,00;0,00;0,00;0,00;0,00;0,00;0,00;0,00;0,00;0,00;"1";"Dina Ada";"0";"0";"1";"1";"2016.01.02";;
"2016747102202";"74. Sulawesi Tenggara";"71  Kendari";"022  Kambu";"02";0,97;0,00;0,00;0,00;0,00;0,00;0,00;0,00;18,00;0,00;0,00;0,00;39,00;0,00;57,00;0,00;0,00;0,00;0,00;0,00;0,00;0,00;18,00;0,00;0,00;0,00;39,00;0,00;57,00;0,00;0,00;0,00;0,00;0,00;0,00;0,00;18,00;0,00;0,00;0,00;39,00;0,00;57,00;0,00;0,00;0,00;0,00;0,00;0,00;0,00;0,00;0,00;0,00;0,00;0,00;0,00;0,00;0,00;0,00;0,00;0,00;0,00;0,00;0,00;0,00;0,00;0,00;0,00;0,00;0,00;0,00;0,00;0,00;0,00;0,00;0,00;0,00;0,00;0,00;0,00;0,00;0,00;0,00;0,00;0,00;0,00;0,00;0,00;0,00;0,00;0,00;0,00;0,00;0,00;0,00;0,00;0,00;0,00;0,00;0,00;0,00;0,00;0,00;0,00;0,00;0,00;0,00;0,00;0,00;0,00;0,00;0,00;0,00;0,00;0,00;0,00;0,00;0,00;0,00;0,00;0,00;0,00;0,00;0,00;0,00;0,00;0,00;0,00;1,00;0,00;1,00;0,00;0,00;0,00;0,00;0,00;2,00;0,00;1,00;0,00;3,00;0,00;0,00;0,00;0,00;0,00;0,00;0,00;0,00;0,00;0,00;0,00;0,00;0,00;0,00;0,00;2,00;0,00;1,00;0,00;3,00;0,00;0,00;0,00;0,00;0,00;0,00;0,00;0,00;0,00;0,00;0,00;0,00;0,00;0,00;0,00;0,00;0,00;0,00;0,00;0,00;0,00;0,00;0,00;0,00;0,00;0,00;0,00;0,00;0,00;0,00;0,00;0,00;0,00;0,00;0,00;0,00;0,00;0,00;0,00;0,00;0,00;0,00;0,00;0,00;0,00;0,00;0,00;0,00;0,00;0,00;0,00;0,00;0,00;0,00;0,00;0,00;0,00;0,00;0,00;0,00;0,00;0,00;0,00;0,00;0,00;0,00;0,00;0,00;0,00;0,00;0,00;0,00;0,00;0,00;0,00;"1";"Dina Ada";"0";"0";"1";"1";"2016.01.02";;
"2016747102203";"74. Sulawesi Tenggara";"71  Kendari";"022  Kambu";"03";0,97;0,00;0,00;0,00;0,00;0,00;0,00;0,00;57,00;7,00;0,00;0,00;3,00;0,00;53,00;0,00;0,00;0,00;0,00;0,00;0,00;0,00;57,00;7,00;0,00;0,00;3,00;0,00;53,00;0,00;0,00;0,00;0,00;0,00;0,00;0,00;57,00;7,00;0,00;0,00;3,00;0,00;53,00;0,00;0,00;0,00;0,00;0,00;0,00;0,00;0,00;0,00;0,00;0,00;0,00;0,00;0,00;0,00;0,00;0,00;0,00;0,00;0,00;0,00;0,00;0,00;0,00;0,00;0,00;0,00;0,00;0,00;0,00;0,00;0,00;0,00;0,00;0,00;0,00;0,00;0,00;0,00;0,00;0,00;0,00;0,00;0,00;0,00;0,00;0,00;0,00;0,00;0,00;0,00;0,00;0,00;0,00;0,00;0,00;0,00;0,00;0,00;0,00;0,00;0,00;0,00;0,00;0,00;0,00;0,00;0,00;0,00;0,00;0,00;0,00;0,00;0,00;0,00;0,00;0,00;0,00;0,00;0,00;0,00;0,00;0,00;1,00;0,00;0,00;0,00;1,00;0,00;0,00;0,00;0,00;0,00;3,00;0,00;0,00;0,00;3,00;0,00;0,00;0,00;0,00;0,00;0,00;0,00;0,00;0,00;0,00;0,00;0,00;0,00;0,00;0,00;3,00;0,00;0,00;0,00;3,00;0,00;0,00;0,00;0,00;0,00;0,00;0,00;0,00;0,00;0,00;0,00;0,00;0,00;0,00;0,00;0,00;0,00;0,00;0,00;0,00;0,00;0,00;0,00;0,00;0,00;0,00;0,00;0,00;0,00;0,00;0,00;0,00;0,00;0,00;0,00;0,00;0,00;0,00;0,00;0,00;0,00;0,00;0,00;0,00;0,00;0,00;0,00;0,00;0,00;0,00;0,00;0,00;0,00;0,00;0,00;0,00;0,00;0,00;0,00;0,00;0,00;0,00;0,00;0,00;0,00;0,00;0,00;0,00;0,00;0,00;0,00;0,00;0,00;0,00;0,00;"1";"Dina Ada";"0";"0";"1";"1";"2016.01.02";;
"2016747102204";"74. Sulawesi Tenggara";"71  Kendari";"022  Kambu";"04";0,97;0,00;0,00;0,00;0,00;0,00;0,00;0,00;53,00;49,00;0,00;0,00;0,00;0,00;4,00;0,00;0,00;0,00;0,00;0,00;0,00;0,00;53,00;49,00;0,00;0,00;0,00;0,00;4,00;0,00;0,00;0,00;0,00;0,00;0,00;0,00;53,00;49,00;0,00;0,00;0,00;0,00;4,00;0,00;0,00;0,00;0,00;0,00;0,00;0,00;0,00;0,00;0,00;0,00;0,00;0,00;0,00;0,00;0,00;0,00;0,00;0,00;0,00;0,00;0,00;0,00;0,00;0,00;0,00;0,00;0,00;0,00;0,00;0,00;0,00;0,00;0,00;0,00;0,00;0,00;0,00;0,00;0,00;0,00;0,00;0,00;0,00;0,00;0,00;0,00;0,00;0,00;0,00;0,00;0,00;0,00;0,00;0,00;0,00;0,00;0,00;0,00;0,00;0,00;0,00;0,00;0,00;0,00;0,00;0,00;0,00;0,00;0,00;0,00;0,00;0,00;0,00;0,00;0,00;0,00;0,00;0,00;0,00;0,00;0,00;0,00;1,00;0,00;0,00;0,00;1,00;0,00;0,00;0,00;0,00;0,00;3,00;0,00;0,00;0,00;3,00;0,00;0,00;0,00;0,00;0,00;0,00;0,00;0,00;0,00;0,00;0,00;0,00;0,00;0,00;0,00;3,00;0,00;0,00;0,00;3,00;0,00;0,00;0,00;0,00;0,00;0,00;0,00;0,00;0,00;0,00;0,00;0,00;0,00;0,00;0,00;0,00;0,00;0,00;0,00;0,00;0,00;0,00;0,00;0,00;0,00;0,00;0,00;0,00;0,00;0,00;0,00;0,00;0,00;0,00;0,00;0,00;0,00;0,00;0,00;0,00;0,00;0,00;0,00;0,00;0,00;0,00;0,00;0,00;0,00;0,00;0,00;0,00;0,00;0,00;0,00;0,00;0,00;0,00;0,00;0,00;0,00;0,00;0,00;0,00;0,00;0,00;0,00;0,00;0,00;0,00;0,00;0,00;0,00;0,00;0,00;"1";"Dina Ada";"0";"0";"1";"1";"2016.01.02";;
"2016747102205";"74. Sulawesi Tenggara";"71  Kendari";"022  Kambu";"05";0,97;0,00;0,00;0,00;0,00;0,00;0,00;0,00;4,00;4,00;0,00;0,00;6,00;0,00;6,00;0,00;0,00;0,00;0,00;0,00;0,00;0,00;4,00;4,00;0,00;0,00;6,00;0,00;6,00;0,00;0,00;0,00;0,00;0,00;0,00;0,00;4,00;4,00;0,00;0,00;0,00;0,00;0,00;0,00;0,00;0,00;0,00;0,00;0,00;0,00;0,00;0,00;0,00;0,00;6,00;0,00;6,00;0,00;0,00;0,00;0,00;0,00;0,00;0,00;0,00;0,00;0,00;0,00;0,00;0,00;0,00;0,00;0,00;0,00;0,00;0,00;0,00;0,00;0,00;0,00;0,00;0,00;0,00;0,00;0,00;0,00;0,00;0,00;0,00;0,00;0,00;0,00;0,00;0,00;0,00;0,00;0,00;0,00;0,00;0,00;0,00;0,00;0,00;0,00;0,00;0,00;0,00;0,00;0,00;0,00;0,00;0,00;0,00;0,00;0,00;0,00;0,00;0,00;0,00;0,00;0,00;0,00;0,00;0,00;0,00;0,00;1,00;1,00;0,00;0,00;0,00;0,00;0,00;0,00;0,00;0,00;3,00;0,00;0,00;0,00;3,00;0,00;0,00;0,00;0,00;0,00;0,00;0,00;0,00;0,00;0,00;0,00;0,00;0,00;0,00;0,00;3,00;0,00;0,00;0,00;3,00;0,00;0,00;0,00;0,00;0,00;0,00;0,00;0,00;0,00;0,00;0,00;0,00;0,00;0,00;0,00;0,00;0,00;0,00;0,00;0,00;0,00;0,00;0,00;0,00;0,00;0,00;0,00;0,00;0,00;0,00;0,00;0,00;0,00;0,00;0,00;0,00;0,00;0,00;0,00;0,00;0,00;0,00;0,00;0,00;0,00;0,00;0,00;0,00;0,00;0,00;0,00;0,00;0,00;0,00;0,00;0,00;0,00;0,00;0,00;0,00;0,00;0,00;0,00;0,00;0,00;0,00;0,00;0,00;0,00;0,00;0,00;0,00;0,00;0,00;0,00;"1";"Dina Ada";"0";"0";"1";"1";"2016.02.05";;
"2016747102206";"74. Sulawesi Tenggara";"71  Kendari";"022  Kambu";"06";0,97;0,00;0,00;0,00;0,00;0,00;0,00;0,00;6,00;0,00;0,00;0,00;2,00;0,00;8,00;0,00;0,00;0,00;0,00;0,00;0,00;0,00;6,00;0,00;0,00;0,00;2,00;0,00;8,00;0,00;0,00;0,00;0,00;0,00;0,00;0,00;0,00;0,00;0,00;0,00;0,00;0,00;0,00;0,00;0,00;0,00;0,00;0,00;0,00;0,00;6,00;0,00;0,00;0,00;2,00;0,00;8,00;0,00;0,00;0,00;0,00;0,00;0,00;0,00;0,00;0,00;0,00;0,00;0,00;0,00;0,00;0,00;0,00;0,00;0,00;0,00;0,00;0,00;0,00;0,00;0,00;0,00;0,00;0,00;0,00;0,00;0,00;0,00;0,00;0,00;0,00;0,00;0,00;0,00;0,00;0,00;0,00;0,00;0,00;0,00;0,00;0,00;0,00;0,00;0,00;0,00;0,00;0,00;0,00;0,00;0,00;0,00;0,00;0,00;0,00;0,00;0,00;0,00;0,00;0,00;0,00;0,00;0,00;0,00;0,00;0,00;0,00;0,00;0,00;0,00;0,00;0,00;0,00;0,00;0,00;0,00;3,00;0,00;2,00;0,00;5,00;0,00;0,00;0,00;0,00;0,00;0,00;0,00;0,00;0,00;0,00;0,00;0,00;0,00;0,00;0,00;3,00;0,00;2,00;0,00;5,00;0,00;0,00;0,00;0,00;0,00;0,00;0,00;0,00;0,00;0,00;0,00;0,00;0,00;0,00;0,00;0,00;0,00;0,00;0,00;0,00;0,00;0,00;0,00;0,00;0,00;0,00;0,00;0,00;0,00;0,00;0,00;0,00;0,00;0,00;0,00;0,00;0,00;0,00;0,00;0,00;0,00;0,00;0,00;0,00;0,00;0,00;0,00;0,00;0,00;0,00;0,00;0,00;0,00;0,00;0,00;0,00;0,00;0,00;0,00;0,00;0,00;0,00;0,00;0,00;0,00;0,00;0,00;0,00;0,00;0,00;0,00;0,00;0,00;0,00;0,00;"1";"Dina Ada";"0";"0";"1";"1";"2016.02.05";;
"2016747102207";"74. Sulawesi Tenggara";"71  Kendari";"022  Kambu";"07";0,97;0,00;0,00;0,00;0,00;0,00;0,00;0,00;8,00;3,00;0,00;0,00;1,00;0,00;6,00;0,00;0,00;0,00;0,00;0,00;0,00;0,00;8,00;3,00;0,00;0,00;1,00;0,00;6,00;0,00;0,00;0,00;0,00;0,00;0,00;0,00;0,00;0,00;0,00;0,00;0,00;0,00;0,00;0,00;0,00;0,00;0,00;0,00;0,00;0,00;8,00;3,00;0,00;0,00;1,00;0,00;6,00;0,00;0,00;0,00;0,00;0,00;0,00;0,00;0,00;0,00;0,00;0,00;0,00;0,00;0,00;0,00;0,00;0,00;0,00;0,00;0,00;0,00;0,00;0,00;0,00;0,00;0,00;0,00;0,00;0,00;0,00;0,00;0,00;0,00;0,00;0,00;0,00;0,00;1,00;0,00;1,00;0,00;0,00;0,00;0,00;0,00;0,00;0,00;0,00;0,00;0,00;0,00;0,00;0,00;0,00;0,00;0,00;0,00;0,00;0,00;0,00;0,00;1,00;0,00;1,00;0,00;0,00;0,00;0,00;0,00;0,00;0,00;1,00;0,00;1,00;0,00;0,00;0,00;0,00;0,00;5,00;3,00;1,00;0,00;3,00;0,00;0,00;0,00;0,00;0,00;0,00;0,00;0,00;0,00;0,00;0,00;0,00;0,00;0,00;0,00;5,00;3,00;1,00;0,00;3,00;0,00;0,00;0,00;0,00;0,00;0,00;0,00;0,00;0,00;0,00;0,00;0,00;0,00;0,00;0,00;0,00;0,00;1,00;0,00;1,00;0,00;0,00;0,00;0,00;0,00;0,00;0,00;0,00;0,00;0,00;0,00;0,00;0,00;0,00;0,00;0,00;0,00;0,00;0,00;0,00;0,00;0,00;0,00;0,00;0,00;0,00;0,00;0,00;0,00;0,00;0,00;0,00;0,00;0,00;0,00;0,00;0,00;0,00;0,00;0,00;0,00;0,00;0,00;0,00;0,00;0,00;0,00;0,00;0,00;0,00;0,00;0,00;0,00;0,00;0,00;"1";"Dina Ada";"0";"0";"1";"1";"2016.03.02";;
"2016747103001";"74. Sulawesi Tenggara";"71  Kendari";"030  Kendari";"01";0,97;0,00;0,00;0,00;0,00;0,00;0,00;0,00;30,00;0,00;0,00;0,00;5,00;0,00;35,00;0,00;0,00;0,00;0,00;0,00;0,00;0,00;3,00;0,00;0,00;0,00;5,00;0,00;8,00;0,00;0,00;0,00;0,00;0,00;0,00;0,00;0,00;0,00;0,00;0,00;0,00;0,00;0,00;0,00;0,00;0,00;0,00;0,00;0,00;0,00;3,00;0,00;0,00;0,00;5,00;0,00;8,00;0,00;0,00;0,00;0,00;0,00;0,00;0,00;0,00;0,00;0,00;0,00;0,00;0,00;0,00;0,00;0,00;0,00;0,00;0,00;0,00;0,00;27,00;0,00;0,00;0,00;0,00;0,00;27,00;0,00;0,00;0,00;0,00;0,00;0,00;0,00;0,00;0,00;0,00;0,00;0,00;0,00;0,00;0,00;0,00;0,00;0,00;0,00;0,00;0,00;0,00;0,00;0,00;0,00;0,00;0,00;0,00;0,00;0,00;0,00;0,00;0,00;0,00;0,00;0,00;0,00;0,00;0,00;0,00;0,00;0,00;0,00;0,00;0,00;0,00;0,00;0,00;0,00;0,00;0,00;2,00;0,00;5,00;0,00;7,00;0,00;0,00;0,00;0,00;0,00;0,00;0,00;0,00;0,00;0,00;0,00;0,00;0,00;0,00;0,00;2,00;0,00;5,00;0,00;7,00;0,00;0,00;0,00;0,00;0,00;0,00;0,00;0,00;0,00;0,00;0,00;0,00;0,00;0,00;0,00;0,00;0,00;0,00;0,00;0,00;0,00;0,00;0,00;0,00;0,00;0,00;0,00;0,00;0,00;0,00;0,00;0,00;0,00;0,00;0,00;0,00;0,00;0,00;0,00;0,00;0,00;0,00;0,00;0,00;0,00;0,00;0,00;0,00;1,00;0,00;0,00;0,00;1,00;0,00;0,00;0,00;0,00;0,00;0,00;0,00;0,00;0,00;0,00;0,00;0,00;0,00;0,00;0,00;0,00;0,00;0,00;0,00;0,00;0,00;0,00;"1";"Putu Kartini";"0";"0";"1";"1";"2016.01.02";;
"2016747103002";"74. Sulawesi Tenggara";"71  Kendari";"030  Kendari";"02";0,97;0,00;0,00;0,00;0,00;0,00;0,00;0,00;35,00;2,00;8,00;0,00;6,00;16,00;15,00;0,00;0,00;0,00;0,00;0,00;0,00;0,00;8,00;0,00;0,00;0,00;0,00;0,00;8,00;0,00;0,00;0,00;0,00;0,00;0,00;0,00;0,00;0,00;0,00;0,00;0,00;0,00;0,00;0,00;0,00;0,00;0,00;0,00;0,00;0,00;8,00;0,00;0,00;0,00;0,00;0,00;8,00;0,00;0,00;0,00;0,00;0,00;0,00;0,00;0,00;0,00;0,00;0,00;0,00;0,00;0,00;0,00;0,00;0,00;0,00;0,00;0,00;0,00;27,00;2,00;8,00;0,00;6,00;16,00;7,00;0,00;0,00;0,00;0,00;0,00;0,00;0,00;0,00;0,00;0,00;0,00;0,00;0,00;0,00;0,00;0,00;0,00;0,00;0,00;0,00;0,00;0,00;0,00;0,00;0,00;0,00;0,00;0,00;0,00;0,00;0,00;0,00;0,00;0,00;0,00;0,00;0,00;0,00;0,00;0,00;0,00;0,00;0,00;0,00;0,00;0,00;0,00;0,00;0,00;0,00;0,00;7,00;0,00;0,00;0,00;7,00;0,00;0,00;0,00;0,00;0,00;0,00;0,00;0,00;0,00;0,00;0,00;0,00;0,00;0,00;0,00;7,00;0,00;0,00;0,00;7,00;0,00;0,00;0,00;0,00;0,00;0,00;0,00;0,00;0,00;0,00;0,00;0,00;0,00;0,00;0,00;0,00;0,00;0,00;0,00;0,00;0,00;0,00;0,00;0,00;0,00;0,00;0,00;0,00;0,00;0,00;0,00;0,00;0,00;0,00;0,00;0,00;0,00;0,00;0,00;0,00;0,00;0,00;0,00;0,00;0,00;0,00;0,00;0,00;1,00;0,00;0,00;0,00;1,00;0,00;0,00;0,00;0,00;0,00;0,00;0,00;0,00;0,00;0,00;0,00;0,00;0,00;0,00;0,00;0,00;0,00;0,00;0,00;0,00;0,00;0,00;"1";"Putu Kartini";"0";"0";"1";"1";"2016.01.02";;
"2016747103003";"74. Sulawesi Tenggara";"71  Kendari";"030  Kendari";"03";0,97;0,00;0,00;0,00;0,00;0,00;0,00;0,00;15,00;0,00;0,00;0,00;8,00;0,00;23,00;0,00;0,00;0,00;0,00;0,00;0,00;0,00;8,00;0,00;0,00;0,00;0,00;0,00;8,00;0,00;0,00;0,00;0,00;0,00;0,00;0,00;0,00;0,00;0,00;0,00;0,00;0,00;0,00;0,00;0,00;0,00;0,00;0,00;0,00;0,00;8,00;0,00;0,00;0,00;0,00;0,00;8,00;0,00;0,00;0,00;0,00;0,00;0,00;0,00;0,00;0,00;0,00;0,00;0,00;0,00;0,00;0,00;0,00;0,00;0,00;0,00;0,00;0,00;7,00;0,00;0,00;0,00;8,00;0,00;15,00;0,00;0,00;0,00;0,00;0,00;0,00;0,00;0,00;0,00;0,00;0,00;0,00;0,00;0,00;0,00;0,00;0,00;0,00;0,00;0,00;0,00;0,00;0,00;0,00;0,00;0,00;0,00;0,00;0,00;0,00;0,00;0,00;0,00;0,00;0,00;0,00;0,00;0,00;0,00;0,00;0,00;0,00;0,00;0,00;0,00;0,00;0,00;0,00;0,00;0,00;0,00;7,00;0,00;0,00;0,00;7,00;0,00;0,00;0,00;0,00;0,00;0,00;0,00;0,00;0,00;0,00;0,00;0,00;0,00;0,00;0,00;7,00;0,00;0,00;0,00;7,00;0,00;0,00;0,00;0,00;0,00;0,00;0,00;0,00;0,00;0,00;0,00;0,00;0,00;0,00;0,00;0,00;0,00;0,00;0,00;0,00;0,00;0,00;0,00;0,00;0,00;0,00;0,00;0,00;0,00;0,00;0,00;0,00;0,00;0,00;0,00;0,00;0,00;0,00;0,00;0,00;0,00;0,00;0,00;0,00;0,00;0,00;0,00;0,00;1,00;0,00;0,00;0,00;1,00;0,00;0,00;0,00;0,00;0,00;0,00;0,00;0,00;0,00;0,00;0,00;0,00;0,00;0,00;0,00;0,00;0,00;0,00;0,00;0,00;0,00;0,00;"1";"Putu Kartini";"0";"0";"1";"1";"2016.01.02";;
"2016747103004";"74. Sulawesi Tenggara";"71  Kendari";"030  Kendari";"04";0,97;0,00;0,00;0,00;0,00;0,00;0,00;0,00;23,00;9,00;0,00;0,00;0,00;0,00;14,00;0,00;0,00;0,00;0,00;0,00;0,00;0,00;8,00;0,00;0,00;0,00;0,00;0,00;8,00;0,00;0,00;0,00;0,00;0,00;0,00;0,00;0,00;0,00;0,00;0,00;0,00;0,00;0,00;0,00;0,00;0,00;0,00;0,00;0,00;0,00;8,00;0,00;0,00;0,00;0,00;0,00;8,00;0,00;0,00;0,00;0,00;0,00;0,00;0,00;0,00;0,00;0,00;0,00;0,00;0,00;0,00;0,00;0,00;0,00;0,00;0,00;0,00;0,00;15,00;9,00;0,00;0,00;0,00;0,00;6,00;0,00;0,00;0,00;0,00;0,00;0,00;0,00;0,00;0,00;0,00;0,00;0,00;0,00;0,00;0,00;0,00;0,00;0,00;0,00;0,00;0,00;0,00;0,00;0,00;0,00;0,00;0,00;0,00;0,00;0,00;0,00;0,00;0,00;0,00;0,00;0,00;0,00;0,00;0,00;0,00;0,00;0,00;0,00;0,00;0,00;0,00;0,00;0,00;0,00;0,00;0,00;7,00;0,00;0,00;0,00;7,00;0,00;0,00;0,00;0,00;0,00;0,00;0,00;0,00;0,00;0,00;0,00;0,00;0,00;0,00;0,00;7,00;0,00;0,00;0,00;7,00;0,00;0,00;0,00;0,00;0,00;0,00;0,00;0,00;0,00;0,00;0,00;0,00;0,00;0,00;0,00;0,00;0,00;0,00;0,00;0,00;0,00;0,00;0,00;0,00;0,00;0,00;0,00;0,00;0,00;0,00;0,00;0,00;0,00;0,00;0,00;0,00;0,00;0,00;0,00;0,00;0,00;0,00;0,00;0,00;0,00;0,00;0,00;0,00;1,00;0,00;0,00;0,00;1,00;0,00;0,00;0,00;0,00;0,00;0,00;0,00;0,00;0,00;0,00;0,00;0,00;0,00;0,00;0,00;0,00;0,00;0,00;0,00;0,00;0,00;0,00;"1";"Putu Kartini";"0";"0";"1";"1";"2016.01.02";;
"2016747103005";"74. Sulawesi Tenggara";"71  Kendari";"030  Kendari";"05";0,97;0,00;0,00;0,00;0,00;0,00;0,00;0,00;14,00;6,00;0,00;0,00;26,00;0,00;34,00;0,00;0,00;0,00;0,00;0,00;0,00;0,00;8,00;0,00;0,00;0,00;0,00;0,00;8,00;0,00;0,00;0,00;0,00;0,00;0,00;0,00;0,00;0,00;0,00;0,00;0,00;0,00;0,00;0,00;0,00;0,00;0,00;0,00;0,00;0,00;8,00;0,00;0,00;0,00;0,00;0,00;8,00;0,00;0,00;0,00;0,00;0,00;0,00;0,00;0,00;0,00;0,00;0,00;0,00;0,00;0,00;0,00;0,00;0,00;0,00;0,00;0,00;0,00;6,00;6,00;0,00;0,00;26,00;0,00;26,00;0,00;0,00;0,00;0,00;0,00;0,00;0,00;0,00;0,00;0,00;0,00;0,00;0,00;0,00;0,00;0,00;0,00;0,00;0,00;0,00;0,00;0,00;0,00;0,00;0,00;0,00;0,00;0,00;0,00;0,00;0,00;0,00;0,00;0,00;0,00;0,00;0,00;0,00;0,00;0,00;0,00;0,00;0,00;0,00;0,00;0,00;0,00;0,00;0,00;0,00;0,00;7,00;0,00;0,00;0,00;7,00;0,00;0,00;0,00;0,00;0,00;0,00;0,00;0,00;0,00;0,00;0,00;0,00;0,00;0,00;0,00;7,00;0,00;0,00;0,00;7,00;0,00;0,00;0,00;0,00;0,00;0,00;0,00;0,00;0,00;0,00;0,00;0,00;0,00;0,00;0,00;0,00;0,00;0,00;0,00;0,00;0,00;0,00;0,00;0,00;0,00;0,00;0,00;0,00;0,00;0,00;0,00;0,00;0,00;0,00;0,00;0,00;0,00;0,00;0,00;0,00;0,00;0,00;0,00;0,00;0,00;0,00;0,00;0,00;1,00;0,00;0,00;0,00;1,00;0,00;0,00;0,00;0,00;0,00;0,00;0,00;0,00;0,00;0,00;0,00;0,00;0,00;0,00;0,00;0,00;0,00;0,00;0,00;0,00;0,00;0,00;"1";"Putu Kartini";"0";"0";"1";"1";"2016.02.05";;
"2016747103006";"74. Sulawesi Tenggara";"71  Kendari";"030  Kendari";"06";0,97;0,00;0,00;0,00;0,00;0,00;0,00;0,00;34,00;8,00;0,00;0,00;0,00;0,00;26,00;0,00;0,00;0,00;0,00;0,00;0,00;0,00;8,00;8,00;0,00;0,00;0,00;0,00;0,00;0,00;0,00;0,00;0,00;0,00;0,00;0,00;0,00;0,00;0,00;0,00;0,00;0,00;0,00;0,00;0,00;0,00;0,00;0,00;0,00;0,00;8,00;8,00;0,00;0,00;0,00;0,00;0,00;0,00;0,00;0,00;0,00;0,00;0,00;0,00;0,00;0,00;0,00;0,00;0,00;0,00;0,00;0,00;0,00;0,00;0,00;0,00;0,00;0,00;26,00;0,00;0,00;0,00;0,00;0,00;26,00;0,00;0,00;0,00;0,00;0,00;0,00;0,00;0,00;0,00;0,00;0,00;0,00;0,00;0,00;0,00;0,00;0,00;0,00;0,00;0,00;0,00;0,00;0,00;0,00;0,00;0,00;0,00;0,00;0,00;0,00;0,00;0,00;0,00;0,00;0,00;0,00;0,00;0,00;0,00;0,00;0,00;0,00;0,00;0,00;0,00;0,00;0,00;0,00;0,00;0,00;0,00;7,00;0,00;0,00;0,00;7,00;0,00;0,00;0,00;0,00;0,00;0,00;0,00;0,00;0,00;0,00;0,00;0,00;0,00;0,00;0,00;7,00;0,00;0,00;0,00;7,00;0,00;0,00;0,00;0,00;0,00;0,00;0,00;0,00;0,00;0,00;0,00;0,00;0,00;0,00;0,00;0,00;0,00;0,00;0,00;0,00;0,00;0,00;0,00;0,00;0,00;0,00;0,00;0,00;0,00;0,00;0,00;0,00;0,00;0,00;0,00;0,00;0,00;0,00;0,00;0,00;0,00;0,00;0,00;0,00;0,00;0,00;0,00;0,00;1,00;0,00;0,00;0,00;1,00;0,00;0,00;0,00;0,00;0,00;0,00;0,00;0,00;0,00;0,00;0,00;0,00;0,00;0,00;0,00;0,00;0,00;0,00;0,00;0,00;0,00;0,00;"1";"Putu Kartini";"0";"0";"1";"1";"2016.02.05";;
"2016747103007";"74. Sulawesi Tenggara";"71  Kendari";"030  Kendari";"07";0,97;0,00;0,00;0,00;0,00;0,00;0,00;0,00;26,00;26,00;0,00;0,00;0,00;0,00;0,00;0,00;0,00;0,00;0,00;0,00;0,00;0,00;0,00;0,00;0,00;0,00;0,00;0,00;0,00;0,00;0,00;0,00;0,00;0,00;0,00;0,00;0,00;0,00;0,00;0,00;0,00;0,00;0,00;0,00;0,00;0,00;0,00;0,00;0,00;0,00;0,00;0,00;0,00;0,00;0,00;0,00;0,00;0,00;0,00;0,00;0,00;0,00;0,00;0,00;0,00;0,00;0,00;0,00;0,00;0,00;0,00;0,00;0,00;0,00;0,00;0,00;0,00;0,00;26,00;26,00;0,00;0,00;0,00;0,00;0,00;0,00;0,00;0,00;0,00;0,00;0,00;0,00;0,00;0,00;0,00;0,00;0,00;0,00;0,00;0,00;0,00;0,00;0,00;0,00;0,00;0,00;0,00;0,00;0,00;0,00;0,00;0,00;0,00;0,00;0,00;0,00;0,00;0,00;0,00;0,00;0,00;0,00;0,00;0,00;0,00;0,00;0,00;0,00;0,00;0,00;0,00;0,00;0,00;0,00;0,00;0,00;7,00;0,00;0,00;0,00;7,00;0,00;0,00;0,00;0,00;0,00;0,00;0,00;0,00;0,00;0,00;0,00;0,00;0,00;0,00;0,00;7,00;0,00;0,00;0,00;7,00;0,00;0,00;0,00;0,00;0,00;0,00;0,00;0,00;0,00;0,00;0,00;0,00;0,00;0,00;0,00;0,00;0,00;0,00;0,00;0,00;0,00;0,00;0,00;0,00;0,00;0,00;0,00;0,00;0,00;0,00;0,00;0,00;0,00;0,00;0,00;0,00;0,00;0,00;0,00;0,00;0,00;0,00;0,00;0,00;0,00;0,00;0,00;0,00;1,00;0,00;0,00;0,00;1,00;0,00;0,00;0,00;0,00;0,00;0,00;0,00;0,00;0,00;0,00;0,00;0,00;0,00;0,00;0,00;0,00;0,00;0,00;0,00;0,00;0,00;0,00;"1";"Putu Kartini";"0";"0";"1";"1";"2016.03.02";;
"2016747103101";"74. Sulawesi Tenggara";"71  Kendari";"031  Kendari Barat";"01";0,97;0,00;0,00;0,00;0,00;0,00;0,00;0,00;3,00;0,00;0,00;0,00;0,00;0,00;3,00;0,00;0,00;0,00;0,00;0,00;0,00;0,00;2,00;0,00;0,00;0,00;0,00;0,00;2,00;0,00;0,00;0,00;0,00;0,00;0,00;0,00;0,00;0,00;0,00;0,00;0,00;0,00;0,00;0,00;0,00;0,00;0,00;0,00;0,00;0,00;2,00;0,00;0,00;0,00;0,00;0,00;2,00;0,00;0,00;0,00;0,00;0,00;0,00;0,00;0,00;0,00;0,00;0,00;0,00;0,00;0,00;0,00;0,00;0,00;0,00;0,00;0,00;0,00;1,00;0,00;0,00;0,00;0,00;0,00;1,00;0,00;0,00;0,00;0,00;0,00;0,00;0,00;0,00;0,00;0,00;0,00;0,00;0,00;0,00;0,00;0,00;0,00;0,00;0,00;0,00;0,00;0,00;0,00;0,00;0,00;0,00;0,00;0,00;0,00;0,00;0,00;0,00;0,00;0,00;0,00;0,00;0,00;0,00;0,00;0,00;0,00;0,00;0,00;0,00;0,00;0,00;0,00;0,00;0,00;0,00;0,00;0,00;0,00;5,00;0,00;5,00;0,00;0,00;0,00;0,00;0,00;0,00;0,00;0,00;0,00;0,00;0,00;0,00;0,00;0,00;0,00;0,00;0,00;5,00;0,00;5,00;0,00;0,00;0,00;0,00;0,00;0,00;0,00;0,00;0,00;0,00;0,00;0,00;0,00;0,00;0,00;0,00;0,00;0,00;0,00;0,00;0,00;0,00;0,00;0,00;0,00;0,00;0,00;0,00;0,00;0,00;0,00;0,00;0,00;0,00;0,00;0,00;0,00;0,00;0,00;0,00;0,00;0,00;0,00;0,00;0,00;0,00;0,00;0,00;0,00;0,00;1,00;0,00;1,00;0,00;0,00;0,00;0,00;0,00;0,00;0,00;0,00;0,00;0,00;0,00;0,00;0,00;0,00;0,00;0,00;0,00;0,00;0,00;0,00;0,00;0,00;"1";"Andi Arniana";"0";"0";"1";"1";"2016.01.02";;
"2016747103102";"74. Sulawesi Tenggara";"71  Kendari";"031  Kendari Barat";"02";0,97;0,00;0,00;0,00;0,00;0,00;0,00;0,00;3,00;0,00;0,00;0,00;3,00;0,00;6,00;0,00;0,00;0,00;0,00;0,00;0,00;0,00;2,00;0,00;0,00;0,00;0,00;0,00;2,00;0,00;0,00;0,00;0,00;0,00;0,00;0,00;0,00;0,00;0,00;0,00;0,00;0,00;0,00;0,00;0,00;0,00;0,00;0,00;0,00;0,00;2,00;0,00;0,00;0,00;0,00;0,00;2,00;0,00;0,00;0,00;0,00;0,00;0,00;0,00;0,00;0,00;0,00;0,00;0,00;0,00;0,00;0,00;0,00;0,00;0,00;0,00;0,00;0,00;1,00;0,00;0,00;0,00;3,00;0,00;4,00;0,00;0,00;0,00;0,00;0,00;0,00;0,00;0,00;0,00;0,00;0,00;0,00;0,00;0,00;0,00;0,00;0,00;0,00;0,00;0,00;0,00;0,00;0,00;0,00;0,00;0,00;0,00;0,00;0,00;0,00;0,00;0,00;0,00;0,00;0,00;0,00;0,00;0,00;0,00;0,00;0,00;0,00;0,00;0,00;0,00;0,00;0,00;0,00;0,00;0,00;0,00;5,00;0,00;0,00;0,00;5,00;0,00;0,00;0,00;0,00;0,00;0,00;0,00;0,00;0,00;0,00;0,00;0,00;0,00;0,00;0,00;5,00;0,00;0,00;0,00;5,00;0,00;0,00;0,00;0,00;0,00;0,00;0,00;0,00;0,00;0,00;0,00;0,00;0,00;0,00;0,00;0,00;0,00;0,00;0,00;0,00;0,00;0,00;0,00;0,00;0,00;0,00;0,00;0,00;0,00;0,00;0,00;0,00;0,00;0,00;0,00;0,00;0,00;0,00;0,00;0,00;0,00;0,00;0,00;0,00;0,00;0,00;0,00;0,00;1,00;0,00;0,00;0,00;1,00;0,00;0,00;0,00;0,00;0,00;0,00;0,00;0,00;0,00;0,00;0,00;0,00;0,00;0,00;0,00;0,00;0,00;0,00;0,00;0,00;0,00;0,00;"1";"Andi Arniana";"0";"0";"1";"1";"2016.01.02";;
"2016747103103";"74. Sulawesi Tenggara";"71  Kendari";"031  Kendari Barat";"03";0,97;0,00;0,00;0,00;0,00;0,00;0,00;0,00;6,00;1,00;2,00;0,00;0,00;2,00;1,00;0,00;0,00;0,00;0,00;0,00;0,00;0,00;2,00;1,00;2,00;0,00;0,00;2,00;1,00;0,00;0,00;0,00;0,00;0,00;0,00;0,00;0,00;0,00;0,00;0,00;0,00;0,00;0,00;0,00;0,00;0,00;0,00;0,00;0,00;0,00;2,00;1,00;2,00;0,00;0,00;2,00;1,00;0,00;0,00;0,00;0,00;0,00;0,00;0,00;0,00;0,00;0,00;0,00;0,00;0,00;0,00;0,00;0,00;0,00;0,00;0,00;0,00;0,00;4,00;0,00;0,00;0,00;0,00;0,00;0,00;0,00;0,00;0,00;0,00;0,00;0,00;0,00;0,00;0,00;0,00;0,00;0,00;0,00;0,00;0,00;0,00;0,00;0,00;0,00;0,00;0,00;0,00;0,00;0,00;0,00;0,00;0,00;0,00;0,00;0,00;0,00;0,00;0,00;0,00;0,00;0,00;0,00;0,00;0,00;0,00;0,00;0,00;0,00;0,00;0,00;0,00;0,00;0,00;0,00;0,00;0,00;5,00;0,00;0,00;0,00;5,00;0,00;0,00;0,00;0,00;0,00;0,00;0,00;0,00;0,00;0,00;0,00;0,00;0,00;0,00;0,00;5,00;0,00;0,00;0,00;5,00;0,00;0,00;0,00;0,00;0,00;0,00;0,00;0,00;0,00;0,00;0,00;0,00;0,00;0,00;0,00;0,00;0,00;0,00;0,00;0,00;0,00;0,00;0,00;0,00;0,00;0,00;0,00;0,00;0,00;0,00;0,00;0,00;0,00;0,00;0,00;0,00;0,00;0,00;0,00;0,00;0,00;0,00;0,00;0,00;0,00;0,00;0,00;0,00;1,00;0,00;0,00;0,00;1,00;0,00;0,00;0,00;0,00;0,00;0,00;0,00;0,00;0,00;0,00;0,00;0,00;0,00;0,00;0,00;0,00;0,00;0,00;0,00;0,00;0,00;0,00;"1";"Andi Arniana";"0";"0";"1";"1";"2016.01.02";;
"2016747103104";"74. Sulawesi Tenggara";"71  Kendari";"031  Kendari Barat";"04";0,97;0,00;0,00;0,00;0,00;0,00;0,00;0,00;1,00;1,00;0,00;0,00;0,00;0,00;0,00;0,00;0,00;0,00;0,00;0,00;0,00;0,00;1,00;1,00;0,00;0,00;0,00;0,00;0,00;0,00;0,00;0,00;0,00;0,00;0,00;0,00;0,00;0,00;0,00;0,00;0,00;0,00;0,00;0,00;0,00;0,00;0,00;0,00;0,00;0,00;1,00;1,00;0,00;0,00;0,00;0,00;0,00;0,00;0,00;0,00;0,00;0,00;0,00;0,00;0,00;0,00;0,00;0,00;0,00;0,00;0,00;0,00;0,00;0,00;0,00;0,00;0,00;0,00;0,00;0,00;0,00;0,00;0,00;0,00;0,00;0,00;0,00;0,00;0,00;0,00;0,00;0,00;0,00;0,00;0,00;0,00;0,00;0,00;0,00;0,00;0,00;0,00;0,00;0,00;0,00;0,00;0,00;0,00;0,00;0,00;0,00;0,00;0,00;0,00;0,00;0,00;0,00;0,00;0,00;0,00;0,00;0,00;0,00;0,00;0,00;0,00;0,00;0,00;0,00;0,00;0,00;0,00;0,00;0,00;0,00;0,00;5,00;0,00;0,00;0,00;5,00;0,00;0,00;0,00;0,00;0,00;0,00;0,00;0,00;0,00;0,00;0,00;0,00;0,00;0,00;0,00;5,00;0,00;0,00;0,00;5,00;0,00;0,00;0,00;0,00;0,00;0,00;0,00;0,00;0,00;0,00;0,00;0,00;0,00;0,00;0,00;0,00;0,00;0,00;0,00;0,00;0,00;0,00;0,00;0,00;0,00;0,00;0,00;0,00;0,00;0,00;0,00;0,00;0,00;0,00;0,00;0,00;0,00;0,00;0,00;0,00;0,00;0,00;0,00;0,00;0,00;0,00;0,00;0,00;1,00;0,00;0,00;0,00;1,00;0,00;0,00;0,00;0,00;0,00;0,00;0,00;0,00;0,00;0,00;0,00;0,00;0,00;0,00;0,00;0,00;0,00;0,00;0,00;0,00;0,00;0,00;"1";"Andi Arniana";"0";"0";"1";"1";"2016.01.02";;
"2016747103105";"74. Sulawesi Tenggara";"71  Kendari";"031  Kendari Barat";"05";0,97;0,00;0,00;0,00;0,00;0,00;0,00;0,00;0,00;0,00;0,00;0,00;5,00;0,00;5,00;0,00;0,00;0,00;0,00;0,00;0,00;0,00;0,00;0,00;0,00;0,00;5,00;0,00;5,00;0,00;0,00;0,00;0,00;0,00;0,00;0,00;0,00;0,00;0,00;0,00;5,00;0,00;5,00;0,00;0,00;0,00;0,00;0,00;0,00;0,00;0,00;0,00;0,00;0,00;0,00;0,00;0,00;0,00;0,00;0,00;0,00;0,00;0,00;0,00;0,00;0,00;0,00;0,00;0,00;0,00;0,00;0,00;0,00;0,00;0,00;0,00;0,00;0,00;0,00;0,00;0,00;0,00;0,00;0,00;0,00;0,00;0,00;0,00;0,00;0,00;0,00;0,00;0,00;0,00;0,00;0,00;0,00;0,00;0,00;0,00;0,00;0,00;0,00;0,00;0,00;0,00;0,00;0,00;0,00;0,00;0,00;0,00;0,00;0,00;0,00;0,00;0,00;0,00;0,00;0,00;0,00;0,00;0,00;0,00;0,00;0,00;0,00;0,00;0,00;0,00;0,00;0,00;0,00;0,00;0,00;0,00;5,00;0,00;0,00;0,00;5,00;0,00;0,00;0,00;0,00;0,00;0,00;0,00;0,00;0,00;0,00;0,00;0,00;0,00;0,00;0,00;5,00;0,00;0,00;0,00;5,00;0,00;0,00;0,00;0,00;0,00;0,00;0,00;0,00;0,00;0,00;0,00;0,00;0,00;0,00;0,00;0,00;0,00;0,00;0,00;0,00;0,00;0,00;0,00;0,00;0,00;0,00;0,00;0,00;0,00;0,00;0,00;0,00;0,00;0,00;0,00;0,00;0,00;0,00;0,00;0,00;0,00;0,00;0,00;0,00;0,00;0,00;0,00;0,00;1,00;0,00;0,00;0,00;1,00;0,00;0,00;0,00;0,00;0,00;0,00;0,00;0,00;0,00;0,00;0,00;0,00;0,00;0,00;0,00;0,00;0,00;0,00;0,00;0,00;0,00;0,00;"1";"Andi Arniana";"0";"0";"1";"1";"2016.02.05";;
"2016747103106";"74. Sulawesi Tenggara";"71  Kendari";"031  Kendari Barat";"06";0,97;0,00;0,00;0,00;0,00;0,00;0,00;0,00;5,00;0,00;0,00;0,00;0,00;1,00;4,00;0,00;0,00;0,00;0,00;0,00;0,00;0,00;5,00;0,00;0,00;0,00;0,00;1,00;4,00;0,00;0,00;0,00;0,00;0,00;0,00;0,00;5,00;0,00;0,00;0,00;0,00;1,00;4,00;0,00;0,00;0,00;0,00;0,00;0,00;0,00;0,00;0,00;0,00;0,00;0,00;0,00;0,00;0,00;0,00;0,00;0,00;0,00;0,00;0,00;0,00;0,00;0,00;0,00;0,00;0,00;0,00;0,00;0,00;0,00;0,00;0,00;0,00;0,00;0,00;0,00;0,00;0,00;0,00;0,00;0,00;0,00;0,00;0,00;0,00;0,00;0,00;0,00;0,00;0,00;0,00;0,00;0,00;0,00;0,00;0,00;0,00;0,00;0,00;0,00;0,00;0,00;0,00;0,00;0,00;0,00;0,00;0,00;0,00;0,00;0,00;0,00;0,00;0,00;0,00;0,00;0,00;0,00;0,00;0,00;0,00;0,00;0,00;0,00;0,00;0,00;0,00;0,00;0,00;0,00;0,00;0,00;5,00;4,00;0,00;0,00;1,00;0,00;0,00;0,00;0,00;0,00;0,00;0,00;0,00;0,00;0,00;0,00;0,00;0,00;0,00;0,00;5,00;4,00;0,00;0,00;1,00;0,00;0,00;0,00;0,00;0,00;0,00;0,00;0,00;0,00;0,00;0,00;0,00;0,00;0,00;0,00;0,00;0,00;0,00;0,00;0,00;0,00;0,00;0,00;0,00;0,00;0,00;0,00;0,00;0,00;0,00;0,00;0,00;0,00;0,00;0,00;0,00;0,00;0,00;0,00;0,00;0,00;0,00;0,00;0,00;0,00;0,00;0,00;0,00;1,00;0,00;0,00;0,00;1,00;0,00;0,00;0,00;0,00;0,00;0,00;0,00;0,00;0,00;0,00;0,00;0,00;0,00;0,00;0,00;0,00;0,00;0,00;0,00;0,00;0,00;0,00;"1";"Andi Arniana";"0";"0";"1";"1";"2016.02.05";;
"2016747103107";"74. Sulawesi Tenggara";"71  Kendari";"031  Kendari Barat";"07";0,97;0,00;0,00;0,00;0,00;0,00;0,00;0,00;4,00;3,00;0,00;0,00;0,00;1,00;0,00;0,00;0,00;0,00;0,00;0,00;0,00;0,00;4,00;3,00;0,00;0,00;0,00;1,00;0,00;0,00;0,00;0,00;0,00;0,00;0,00;0,00;4,00;3,00;0,00;0,00;0,00;1,00;0,00;0,00;0,00;0,00;0,00;0,00;0,00;0,00;0,00;0,00;0,00;0,00;0,00;0,00;0,00;0,00;0,00;0,00;0,00;0,00;0,00;0,00;0,00;0,00;0,00;0,00;0,00;0,00;0,00;0,00;0,00;0,00;0,00;0,00;0,00;0,00;0,00;0,00;0,00;0,00;0,00;0,00;0,00;0,00;0,00;0,00;0,00;0,00;0,00;0,00;0,00;0,00;0,00;0,00;0,00;0,00;0,00;0,00;0,00;0,00;0,00;0,00;0,00;0,00;0,00;0,00;0,00;0,00;0,00;0,00;0,00;0,00;0,00;0,00;0,00;0,00;0,00;0,00;0,00;0,00;0,00;0,00;0,00;0,00;0,00;0,00;0,00;0,00;0,00;0,00;0,00;0,00;0,00;0,00;1,00;1,00;0,00;0,00;0,00;0,00;0,00;0,00;0,00;0,00;0,00;0,00;0,00;0,00;0,00;0,00;0,00;0,00;0,00;0,00;1,00;1,00;0,00;0,00;0,00;0,00;0,00;0,00;0,00;0,00;0,00;0,00;0,00;0,00;0,00;0,00;0,00;0,00;0,00;0,00;0,00;0,00;0,00;0,00;0,00;0,00;0,00;0,00;0,00;0,00;0,00;0,00;0,00;0,00;0,00;0,00;0,00;0,00;0,00;0,00;0,00;0,00;0,00;0,00;0,00;0,00;0,00;0,00;0,00;0,00;0,00;0,00;0,00;1,00;0,00;0,00;0,00;1,00;0,00;0,00;0,00;0,00;0,00;0,00;0,00;0,00;0,00;0,00;0,00;0,00;0,00;0,00;0,00;0,00;0,00;0,00;0,00;0,00;0,00;0,00;"1";"Andi Arniana";"0";"0";"1";"1";"2016.03.02";;
